ID_Empfï¿½nger;Shipment_ID;Loading_Date;Weight;Freight_Cost;Straï¿½e_Absender;Sender_Postal_Code;Stadt_Absender;Straï¿½e_Empfï¿½nger;PLZ_Empfï¿½nger;Stadt_Empfï¿½nger;Haus_Empfï¿½nger;Empfï¿½nger_lon;Empfï¿½nger_lat;Sender_Longitude;Sender_Latitude
1167;102;07.01.2020;292.458;58.88;Trinidadstraï¿½e 44;27356;Rotenburg (Wï¿½mme);HEINRICH DREYER STRASSE ;27798;HUDE;;8.472809;53.10303;9.3372;53.124339
505;123;06.01.2020;20.964;16.98;Trinidadstraï¿½e 44;27356;Rotenburg (Wï¿½mme);MARTENSSTRASSE ;28309;BREMEN;;8.899087;53.055616;9.3372;53.124339
858;259;08.01.2020;Nov 54;24.61;Trinidadstraï¿½e 44;27356;Rotenburg (Wï¿½mme);ZUM ZUNGENKAI ;26725;EMDEN;;7.210465;53.357763;9.3372;53.124339
1167;1165;16.01.2020;2723.05;102.45;Trinidadstraï¿½e 44;27356;Rotenburg (Wï¿½mme);HEINRICH DREYER STRASSE ;27798;HUDE;;8.472809;53.10303;9.3372;53.124339
505;1505;21.01.2020;68.858;36.96;Trinidadstraï¿½e 44;27356;Rotenburg (Wï¿½mme);MARTENSSTRASSE ;28309;BREMEN;;8.899087;53.055616;9.3372;53.124339
19;1570;21.01.2020;558.5;78.71;Trinidadstraï¿½e 44;27356;Rotenburg (Wï¿½mme);WESTFALENSTRASSE ;26723;EMDEN;;7.172945;53.355035;9.3372;53.124339
1167;1622;22.01.2020;184.578;57.15;Trinidadstraï¿½e 44;27356;Rotenburg (Wï¿½mme);HEINRICH DREYER STRASSE ;27798;HUDE;;8.472809;53.10303;9.3372;53.124339
35;1767;23.01.2020;138.076;57.15;Trinidadstraï¿½e 44;27356;Rotenburg (Wï¿½mme);HUNTORFER QUERWEG ;26931;ELSFLETH;;8.399097;53.191448;9.3372;53.124339
1167;1850;23.01.2020;12. Mai;18. Jan;Trinidadstraï¿½e 44;27356;Rotenburg (Wï¿½mme);HEINRICH DREYER STRASSE ;27798;HUDE;;8.472809;53.10303;9.3372;53.124339
1167;2213;28.01.2020;5347.21;130.53;Trinidadstraï¿½e 44;27356;Rotenburg (Wï¿½mme);HEINRICH DREYER STRASSE ;27798;HUDE;;8.472809;53.10303;9.3372;53.124339
521;2431;30.01.2020;308.75;70.62;Trinidadstraï¿½e 44;27356;Rotenburg (Wï¿½mme);RUHRBACHSTRASSE ;49688;LASTRUP;;7.88189;52.801856;9.3372;53.124339
505;2463;30.01.2020;38.5;33.86;Trinidadstraï¿½e 44;27356;Rotenburg (Wï¿½mme);MARTENSSTRASSE ;28309;BREMEN;;8.899087;53.055616;9.3372;53.124339
35;2488;30.01.2020;Aug 76;18. Jan;Trinidadstraï¿½e 44;27356;Rotenburg (Wï¿½mme);HUNTORFER QUERWEG ;26931;ELSFLETH;;8.399097;53.191448;9.3372;53.124339
1167;2551;30.01.2020;1918;93.76;Trinidadstraï¿½e 44;27356;Rotenburg (Wï¿½mme);HEINRICH DREYER STRASSE ;27798;HUDE;;8.472809;53.10303;9.3372;53.124339
482;2727;03.02.2020;552.721;81.65;Trinidadstraï¿½e 44;27356;Rotenburg (Wï¿½mme);FISCHEREIHAFEN ;26506;NORDEN;;7.160168;53.622708;9.3372;53.124339
1121;2905;04.02.2020;79;59.39;Trinidadstraï¿½e 44;27356;Rotenburg (Wï¿½mme);ZUM KRAFTWERK ;26725;EMDEN;;7.210053;53.340343;9.3372;53.124339
482;2940;05.02.2020;123.5;71.7;Trinidadstraï¿½e 44;27356;Rotenburg (Wï¿½mme);FISCHEREIHAFEN ;26506;NORDEN;;7.160168;53.622708;9.3372;53.124339
1121;2964;05.02.2020;25. Mai;46.5;Trinidadstraï¿½e 44;27356;Rotenburg (Wï¿½mme);ZUM KRAFTWERK ;26725;EMDEN;;7.210053;53.340343;9.3372;53.124339
646;2993;05.02.2020;152;63.95;Trinidadstraï¿½e 44;27356;Rotenburg (Wï¿½mme);INDUSTRIESTRASSE ;26389;WILHELMSHAVEN;;8.080911;53.508797;9.3372;53.124339
505;3228;07.02.2020;15;16.98;Trinidadstraï¿½e 44;27356;Rotenburg (Wï¿½mme);MARTENSSTRASSE ;28309;BREMEN;;8.899087;53.055616;9.3372;53.124339
1167;3233;07.02.2020;303.339;60.65;Trinidadstraï¿½e 44;27356;Rotenburg (Wï¿½mme);HEINRICH DREYER STRASSE ;27798;HUDE;;8.472809;53.10303;9.3372;53.124339
646;3256;07.02.2020;31.04;43.02;Trinidadstraï¿½e 44;27356;Rotenburg (Wï¿½mme);INDUSTRIESTRASSE ;26389;WILHELMSHAVEN;;8.080911;53.508797;9.3372;53.124339
1121;3657;12.02.2020;49.929;46.5;Trinidadstraï¿½e 44;27356;Rotenburg (Wï¿½mme);ZUM KRAFTWERK ;26725;EMDEN;;7.210053;53.340343;9.3372;53.124339
738;3804;13.02.2020;156;69.11;Trinidadstraï¿½e 44;27356;Rotenburg (Wï¿½mme);WERFTSTRASSE ;26802;MOORMERLAND;;7.340327;53.325131;9.3372;53.124339
646;3981;14.02.2020;19;19.41;Trinidadstraï¿½e 44;27356;Rotenburg (Wï¿½mme);INDUSTRIESTRASSE ;26389;WILHELMSHAVEN;;8.080911;53.508797;9.3372;53.124339
320;4033;13.02.2020;6109.9;272.02;Trinidadstraï¿½e 44;27356;Rotenburg (Wï¿½mme);GEBRï¿½DER HELFMANN STRASSE ;4824;BEUCHA;1 ;12.573992;51.332447;9.3372;53.124339
71;4054;17.02.2020;230;51.86;Trinidadstraï¿½e 44;27356;Rotenburg (Wï¿½mme);WERFTTOR ;28755;BREMEN;;8.59947;53.176505;9.3372;53.124339
505;4091;17.02.2020;44.867;33.86;Trinidadstraï¿½e 44;27356;Rotenburg (Wï¿½mme);MARTENSSTRASSE ;28309;BREMEN;;8.899087;53.055616;9.3372;53.124339
505;4241;18.02.2020;41.803;33.86;Trinidadstraï¿½e 44;27356;Rotenburg (Wï¿½mme);MARTENSSTRASSE ;28309;BREMEN;;8.899087;53.055616;9.3372;53.124339
71;4455;19.02.2020;230;51.86;Trinidadstraï¿½e 44;27356;Rotenburg (Wï¿½mme);WERFTTOR ;28755;BREMEN;;8.59947;53.176505;9.3372;53.124339
320;4459;19.02.2020;4744;232.58;Trinidadstraï¿½e 44;27356;Rotenburg (Wï¿½mme);GEBRï¿½DER HELFMANN STRASSE ;4824;BEUCHA;1 ;12.573992;51.332447;9.3372;53.124339
505;5055;26.02.2020;580.886;57.33;Trinidadstraï¿½e 44;27356;Rotenburg (Wï¿½mme);MARTENSSTRASSE ;28309;BREMEN;;8.899087;53.055616;9.3372;53.124339
1378;5118;26.02.2020;5186.6;157.88;Trinidadstraï¿½e 44;27356;Rotenburg (Wï¿½mme);INDUSTRIEGEBIET Sï¿½D ;26871;PAPENBURG;;7.365236;53.092985;9.3372;53.124339
1065;5119;26.02.2020;700;84.44;Trinidadstraï¿½e 44;27356;Rotenburg (Wï¿½mme);INDUSTRIEGEBIET Sï¿½D ;26871;PAPENBURG;;7.365236;53.092985;9.3372;53.124339
786;5174;27.02.2020;368.262;60.65;Trinidadstraï¿½e 44;27356;Rotenburg (Wï¿½mme);TITANSTRASSE ;26954;NORDENHAM;;8.547652;53.525865;9.3372;53.124339
858;5176;27.02.2020;342.017;73.36;Trinidadstraï¿½e 44;27356;Rotenburg (Wï¿½mme);ZUM ZUNGENKAI ;26725;EMDEN;;7.210465;53.357763;9.3372;53.124339
858;5299;28.02.2020;1807.5;110.38;Trinidadstraï¿½e 44;27356;Rotenburg (Wï¿½mme);ZUM ZUNGENKAI ;26725;EMDEN;;7.210465;53.357763;9.3372;53.124339
97;5535;03.03.2020;1734;99.38;Trinidadstraï¿½e 44;27356;Rotenburg (Wï¿½mme);NEUFELDER SCHANZE ;27472;CUXHAVEN;;8.730329;53.853516;9.3372;53.124339
858;5631;03.03.2020;83.624;59.39;Trinidadstraï¿½e 44;27356;Rotenburg (Wï¿½mme);ZUM ZUNGENKAI ;26725;EMDEN;;7.210465;53.357763;9.3372;53.124339
427;5771;04.03.2020;30;33.86;Trinidadstraï¿½e 44;27356;Rotenburg (Wï¿½mme);SENATOR BORTTSCHELLER STRASSE ;28197;BREMEN;;8.746244;53.097232;9.3372;53.124339
97;5842;05.03.2020;414;70.3;Trinidadstraï¿½e 44;27356;Rotenburg (Wï¿½mme);NEUFELDER SCHANZE ;27472;CUXHAVEN;;8.730329;53.853516;9.3372;53.124339
505;6149;09.03.2020;124.459;50.35;Trinidadstraï¿½e 44;27356;Rotenburg (Wï¿½mme);MARTENSSTRASSE ;28309;BREMEN;;8.899087;53.055616;9.3372;53.124339
646;6179;09.03.2020;8.127;19.41;Trinidadstraï¿½e 44;27356;Rotenburg (Wï¿½mme);INDUSTRIESTRASSE ;26389;WILHELMSHAVEN;;8.080911;53.508797;9.3372;53.124339
505;6302;10.03.2020;50.597;36.96;Trinidadstraï¿½e 44;27356;Rotenburg (Wï¿½mme);MARTENSSTRASSE ;28309;BREMEN;;8.899087;53.055616;9.3372;53.124339
505;6545;12.03.2020;6.027;16.98;Trinidadstraï¿½e 44;27356;Rotenburg (Wï¿½mme);MARTENSSTRASSE ;28309;BREMEN;;8.899087;53.055616;9.3372;53.124339
505;6877;16.03.2020;288.634;51.86;Trinidadstraï¿½e 44;27356;Rotenburg (Wï¿½mme);MARTENSSTRASSE ;28309;BREMEN;;8.899087;53.055616;9.3372;53.124339
1167;7096;18.03.2020;536.294;65.08;Trinidadstraï¿½e 44;27356;Rotenburg (Wï¿½mme);HEINRICH DREYER STRASSE ;27798;HUDE;;8.472809;53.10303;9.3372;53.124339
427;7228;19.03.2020;62;36.96;Trinidadstraï¿½e 44;27356;Rotenburg (Wï¿½mme);SENATOR BORTTSCHELLER STRASSE ;28197;BREMEN;;8.746244;53.097232;9.3372;53.124339
1121;7488;23.03.2020;79.404;59.39;Trinidadstraï¿½e 44;27356;Rotenburg (Wï¿½mme);ZUM KRAFTWERK ;26725;EMDEN;;7.210053;53.340343;9.3372;53.124339
786;7528;23.03.2020;37.639;38.45;Trinidadstraï¿½e 44;27356;Rotenburg (Wï¿½mme);TITANSTRASSE ;26954;NORDENHAM;;8.547652;53.525865;9.3372;53.124339
797;8228;31.03.2020;2826;123.91;Trinidadstraï¿½e 44;27356;Rotenburg (Wï¿½mme);NEPTUNDOCK ;26723;EMDEN;;7.203147;53.36067;9.3372;53.124339
320;8254;31.03.2020;700;130.93;Trinidadstraï¿½e 44;27356;Rotenburg (Wï¿½mme);GEBRï¿½DER HELFMANN STRASSE ;4824;BEUCHA;1 ;12.573992;51.332447;9.3372;53.124339
320;8255;31.03.2020;4411;224.11;Trinidadstraï¿½e 44;27356;Rotenburg (Wï¿½mme);GEBRï¿½DER HELFMANN STRASSE ;4824;BEUCHA;1 ;12.573992;51.332447;9.3372;53.124339
738;8569;03.04.2020;120;69.11;Trinidadstraï¿½e 44;27356;Rotenburg (Wï¿½mme);WERFTSTRASSE ;26802;MOORMERLAND;;7.340327;53.325131;9.3372;53.124339
505;9049;09.04.2020;31.167;33.86;Trinidadstraï¿½e 44;27356;Rotenburg (Wï¿½mme);MARTENSSTRASSE ;28309;BREMEN;;8.899087;53.055616;9.3372;53.124339
858;9402;16.04.2020;68.837;50.76;Trinidadstraï¿½e 44;27356;Rotenburg (Wï¿½mme);ZUM ZUNGENKAI ;26725;EMDEN;;7.210465;53.357763;9.3372;53.124339
858;9740;21.04.2020;188.496;69.11;Trinidadstraï¿½e 44;27356;Rotenburg (Wï¿½mme);ZUM ZUNGENKAI ;26725;EMDEN;;7.210465;53.357763;9.3372;53.124339
1167;9820;22.04.2020;12.881;18. Jan;Trinidadstraï¿½e 44;27356;Rotenburg (Wï¿½mme);HEINRICH DREYER STRASSE ;27798;HUDE;;8.472809;53.10303;9.3372;53.124339
482;9876;22.04.2020;561.166;81.65;Trinidadstraï¿½e 44;27356;Rotenburg (Wï¿½mme);FISCHEREIHAFEN ;26506;NORDEN;;7.160168;53.622708;9.3372;53.124339
482;10660;04.05.2020;201.338;73.87;Trinidadstraï¿½e 44;27356;Rotenburg (Wï¿½mme);FISCHEREIHAFEN ;26506;NORDEN;;7.160168;53.622708;9.3372;53.124339
320;10686;04.05.2020;1592;160.77;Trinidadstraï¿½e 44;27356;Rotenburg (Wï¿½mme);GEBRï¿½DER HELFMANN STRASSE ;4824;BEUCHA;1 ;12.573992;51.332447;9.3372;53.124339
505;10833;06.05.2020;12. Mai;16.98;Trinidadstraï¿½e 44;27356;Rotenburg (Wï¿½mme);MARTENSSTRASSE ;28309;BREMEN;;8.899087;53.055616;9.3372;53.124339
646;10873;06.05.2020;775.1;78.12;Trinidadstraï¿½e 44;27356;Rotenburg (Wï¿½mme);INDUSTRIESTRASSE ;26389;WILHELMSHAVEN;;8.080911;53.508797;9.3372;53.124339
1167;10877;06.05.2020;5210.02;130.53;Trinidadstraï¿½e 44;27356;Rotenburg (Wï¿½mme);HEINRICH DREYER STRASSE ;27798;HUDE;;8.472809;53.10303;9.3372;53.124339
505;11052;11.05.2020;Nov 54;16.98;Trinidadstraï¿½e 44;27356;Rotenburg (Wï¿½mme);MARTENSSTRASSE ;28309;BREMEN;;8.899087;53.055616;9.3372;53.124339
1167;11059;11.05.2020;2882.52;102.45;Trinidadstraï¿½e 44;27356;Rotenburg (Wï¿½mme);HEINRICH DREYER STRASSE ;27798;HUDE;;8.472809;53.10303;9.3372;53.124339
184;11082;11.05.2020;132.98;63.95;Trinidadstraï¿½e 44;27356;Rotenburg (Wï¿½mme);HELLMUT BARTHEL STRASSE ;26316;VAREL;;8.125455;53.402125;9.3372;53.124339
646;11128;11.05.2020;28. Aug;43.02;Trinidadstraï¿½e 44;27356;Rotenburg (Wï¿½mme);INDUSTRIESTRASSE ;26389;WILHELMSHAVEN;;8.080911;53.508797;9.3372;53.124339
858;11252;12.05.2020;497;75.98;Trinidadstraï¿½e 44;27356;Rotenburg (Wï¿½mme);ZUM ZUNGENKAI ;26725;EMDEN;;7.210465;53.357763;9.3372;53.124339
858;11366;13.05.2020;301.44;73.36;Trinidadstraï¿½e 44;27356;Rotenburg (Wï¿½mme);ZUM ZUNGENKAI ;26725;EMDEN;;7.210465;53.357763;9.3372;53.124339
858;11816;19.05.2020;34.939;46.5;Trinidadstraï¿½e 44;27356;Rotenburg (Wï¿½mme);ZUM ZUNGENKAI ;26725;EMDEN;;7.210465;53.357763;9.3372;53.124339
1167;11820;19.05.2020;554;65.08;Trinidadstraï¿½e 44;27356;Rotenburg (Wï¿½mme);HEINRICH DREYER STRASSE ;27798;HUDE;;8.472809;53.10303;9.3372;53.124339
204;12015;25.05.2020;141;66.53;Trinidadstraï¿½e 44;27356;Rotenburg (Wï¿½mme);Sï¿½DWIEKE ;26817;RHAUDERFEHN;1. 180 ;7.532558;53.11472;9.3372;53.124339
858;12757;04.06.2020;386;73.36;Trinidadstraï¿½e 44;27356;Rotenburg (Wï¿½mme);ZUM ZUNGENKAI ;26725;EMDEN;;7.210465;53.357763;9.3372;53.124339
1167;12999;08.06.2020;872.735;72.31;Trinidadstraï¿½e 44;27356;Rotenburg (Wï¿½mme);HEINRICH DREYER STRASSE ;27798;HUDE;;8.472809;53.10303;9.3372;53.124339
505;13073;08.06.2020;59;36.96;Trinidadstraï¿½e 44;27356;Rotenburg (Wï¿½mme);MARTENSSTRASSE ;28309;BREMEN;;8.899087;53.055616;9.3372;53.124339
230;13181;09.06.2020;128;69.11;Trinidadstraï¿½e 44;27356;Rotenburg (Wï¿½mme);OTTO HAHN ;26802;MOORMERLAND;;7.4651;53.313057;9.3372;53.124339
237;13262;10.06.2020;46.354;46.5;Trinidadstraï¿½e 44;27356;Rotenburg (Wï¿½mme);ZUM ZUNGENKAI  ;26725;EMDEN;;7.210465;53.357763;9.3372;53.124339
240;13276;10.06.2020;2884;123.91;Trinidadstraï¿½e 44;27356;Rotenburg (Wï¿½mme);OTTO HAHN STRASSE ;26802;MOORMERLAND;;7.4651;53.313057;9.3372;53.124339
320;13341;10.06.2020;10548;437.41;Trinidadstraï¿½e 44;27356;Rotenburg (Wï¿½mme);GEBRï¿½DER HELFMANN STRASSE ;4824;BEUCHA;1 ;12.573992;51.332447;9.3372;53.124339
521;13374;11.06.2020;308.75;70.62;Trinidadstraï¿½e 44;27356;Rotenburg (Wï¿½mme);RUHRBACHSTRASSE ;49688;LASTRUP;;7.88189;52.801856;9.3372;53.124339
646;13532;15.06.2020;14. Apr;19.41;Trinidadstraï¿½e 44;27356;Rotenburg (Wï¿½mme);INDUSTRIESTRASSE ;26389;WILHELMSHAVEN;;8.080911;53.508797;9.3372;53.124339
1167;13611;15.06.2020;4305.88;119.49;Trinidadstraï¿½e 44;27356;Rotenburg (Wï¿½mme);HEINRICH DREYER STRASSE ;27798;HUDE;;8.472809;53.10303;9.3372;53.124339
482;13717;17.06.2020;224.437;73.87;Trinidadstraï¿½e 44;27356;Rotenburg (Wï¿½mme);FISCHEREIHAFEN ;26506;NORDEN;;7.160168;53.622708;9.3372;53.124339
1360;13992;18.06.2020;34.2;38.45;Trinidadstraï¿½e 44;27356;Rotenburg (Wï¿½mme);TITANSTRASSE ;26954;NORDENHAM;;8.547652;53.525865;9.3372;53.124339
858;14227;23.06.2020;434;75.98;Trinidadstraï¿½e 44;27356;Rotenburg (Wï¿½mme);ZUM ZUNGENKAI ;26725;EMDEN;;7.210465;53.357763;9.3372;53.124339
858;14329;24.06.2020;120;69.11;Trinidadstraï¿½e 44;27356;Rotenburg (Wï¿½mme);ZUM ZUNGENKAI ;26725;EMDEN;;7.210465;53.357763;9.3372;53.124339
505;14425;24.06.2020;123.322;50.35;Trinidadstraï¿½e 44;27356;Rotenburg (Wï¿½mme);MARTENSSTRASSE ;28309;BREMEN;;8.899087;53.055616;9.3372;53.124339
280;15038;02.07.2020;1277.5;69.82;Trinidadstraï¿½e 44;27356;Rotenburg (Wï¿½mme);SENATOR HARMSSEN STRASSE ;28197;BREMEN;;8.71438;53.088048;9.3372;53.124339
1167;15533;09.07.2020;94;49.1;Trinidadstraï¿½e 44;27356;Rotenburg (Wï¿½mme);HEINRICH DREYER STRASSE ;27798;HUDE;;8.472809;53.10303;9.3372;53.124339
786;15897;14.07.2020;207.6;58.88;Trinidadstraï¿½e 44;27356;Rotenburg (Wï¿½mme);TITANSTRASSE ;26954;NORDENHAM;;8.547652;53.525865;9.3372;53.124339
320;15959;14.07.2020;243.5;110.42;Trinidadstraï¿½e 44;27356;Rotenburg (Wï¿½mme);GEBRï¿½DER HELFMANN STRASSE ;4824;BEUCHA;1 ;12.573992;51.332447;9.3372;53.124339
858;16173;16.07.2020;122;69.11;Trinidadstraï¿½e 44;27356;Rotenburg (Wï¿½mme);ZUM ZUNGENKAI ;26725;EMDEN;;7.210465;53.357763;9.3372;53.124339
320;16419;20.07.2020;5608;244.82;Trinidadstraï¿½e 44;27356;Rotenburg (Wï¿½mme);GEBRï¿½DER HELFMANN STRASSE ;4824;BEUCHA;1 ;12.573992;51.332447;9.3372;53.124339
1167;16448;21.07.2020;43;38.45;Trinidadstraï¿½e 44;27356;Rotenburg (Wï¿½mme);HEINRICH DREYER STRASSE ;27798;HUDE;;8.472809;53.10303;9.3372;53.124339
797;16510;21.07.2020;3768;137.3;Trinidadstraï¿½e 44;27356;Rotenburg (Wï¿½mme);NEPTUNDOCK ;26723;EMDEN;;7.203147;53.36067;9.3372;53.124339
482;16565;22.07.2020;286.546;73.87;Trinidadstraï¿½e 44;27356;Rotenburg (Wï¿½mme);FISCHEREIHAFEN ;26506;NORDEN;;7.160168;53.622708;9.3372;53.124339
1121;16690;23.07.2020;28. Aug;46.5;Trinidadstraï¿½e 44;27356;Rotenburg (Wï¿½mme);ZUM KRAFTWERK ;26725;EMDEN;;7.210053;53.340343;9.3372;53.124339
328;16692;23.07.2020;348;73.36;Trinidadstraï¿½e 44;27356;Rotenburg (Wï¿½mme);NIEDERSACHSENSTRASSE ;26723;EMDEN;;7.172359;53.355062;9.3372;53.124339
329;16698;23.07.2020;99.87;43.26;Trinidadstraï¿½e 44;27356;Rotenburg (Wï¿½mme);HEISSENBï¿½TTELER DAMM ;27729;HAMBERGEN;;8.857514;53.297662;9.3372;53.124339
505;16845;27.07.2020;689.932;59.37;Trinidadstraï¿½e 44;27356;Rotenburg (Wï¿½mme);MARTENSSTRASSE ;28309;BREMEN;;8.899087;53.055616;9.3372;53.124339
361;16996;28.07.2020;128.22;57.15;Trinidadstraï¿½e 44;27356;Rotenburg (Wï¿½mme);TITANSTR ;26954;NORDENHAM;;8.547652;53.525865;9.3372;53.124339
482;17152;29.07.2020;535.64;81.65;Trinidadstraï¿½e 44;27356;Rotenburg (Wï¿½mme);FISCHEREIHAFEN ;26506;NORDEN;;7.160168;53.622708;9.3372;53.124339
1167;17235;30.07.2020;102.279;57.15;Trinidadstraï¿½e 44;27356;Rotenburg (Wï¿½mme);HEINRICH DREYER STRASSE ;27798;HUDE;;8.472809;53.10303;9.3372;53.124339
786;17347;03.08.2020;825.993;72.31;Trinidadstraï¿½e 44;27356;Rotenburg (Wï¿½mme);TITANSTRASSE ;26954;NORDENHAM;;8.547652;53.525865;9.3372;53.124339
1121;17450;03.08.2020;76;59.39;Trinidadstraï¿½e 44;27356;Rotenburg (Wï¿½mme);ZUM KRAFTWERK ;26725;EMDEN;;7.210053;53.340343;9.3372;53.124339
858;17555;04.08.2020;47.181;46.5;Trinidadstraï¿½e 44;27356;Rotenburg (Wï¿½mme);ZUM ZUNGENKAI ;26725;EMDEN;;7.210465;53.357763;9.3372;53.124339
359;17632;05.08.2020;240;58.88;Trinidadstraï¿½e 44;27356;Rotenburg (Wï¿½mme);HOHE STRASSE ;27259;VARREL;;8.739016;52.623513;9.3372;53.124339
361;17745;06.08.2020;147;57.15;Trinidadstraï¿½e 44;27356;Rotenburg (Wï¿½mme);TITANSTR ;26954;NORDENHAM;;8.547652;53.525865;9.3372;53.124339
1167;17937;10.08.2020;945.337;72.72;Trinidadstraï¿½e 44;27356;Rotenburg (Wï¿½mme);HEINRICH DREYER STRASSE ;27798;HUDE;;8.472809;53.10303;9.3372;53.124339
1167;17975;11.08.2020;6492;137.4;Trinidadstraï¿½e 44;27356;Rotenburg (Wï¿½mme);HEINRICH DREYER STRASSE ;27798;HUDE;;8.472809;53.10303;9.3372;53.124339
693;18068;12.08.2020;34.452;33.86;Trinidadstraï¿½e 44;27356;Rotenburg (Wï¿½mme);WASSERWERK ;28857;SYKE;;8.787689;52.941614;9.3372;53.124339
1360;18333;17.08.2020;108;57.15;Trinidadstraï¿½e 44;27356;Rotenburg (Wï¿½mme);TITANSTRASSE ;26954;NORDENHAM;;8.547652;53.525865;9.3372;53.124339
387;18563;19.08.2020;367;76.1;Trinidadstraï¿½e 44;27356;Rotenburg (Wï¿½mme);NEU ETUMER STRASSE ;26736;KRï¿½MMHORN;;7.059053;53.46214;9.3372;53.124339
1121;18802;24.08.2020;16;24.61;Trinidadstraï¿½e 44;27356;Rotenburg (Wï¿½mme);ZUM KRAFTWERK ;26725;EMDEN;;7.210053;53.340343;9.3372;53.124339
413;19255;31.08.2020;2824.26;128.54;Trinidadstraï¿½e 44;27356;Rotenburg (Wï¿½mme);NORDER TIEF ;26506;NORDEN;;7.207192;53.586944;9.3372;53.124339
521;19572;02.09.2020;308.75;70.62;Trinidadstraï¿½e 44;27356;Rotenburg (Wï¿½mme);RUHRBACHSTRASSE ;49688;LASTRUP;;7.88189;52.801856;9.3372;53.124339
427;19591;02.09.2020;12;16.98;Trinidadstraï¿½e 44;27356;Rotenburg (Wï¿½mme);SENATOR BORTTSCHELLER STRASSE ;28197;BREMEN;;8.746244;53.097232;9.3372;53.124339
434;19724;03.09.2020;3.367;24.61;Trinidadstraï¿½e 44;27356;Rotenburg (Wï¿½mme);CARL BENZ STRASSE ;26802;MOORMERLAND;;7.464303;53.313709;9.3372;53.124339
1377;19868;07.09.2020;856.5;87.45;Trinidadstraï¿½e 44;27356;Rotenburg (Wï¿½mme);INDUSTRIEGEBIET Sï¿½D ;26871;PAPENBURG;;7.365236;53.092985;9.3372;53.124339
738;20059;09.09.2020;1096.19;91.08;Trinidadstraï¿½e 44;27356;Rotenburg (Wï¿½mme);WERFTSTRASSE ;26802;MOORMERLAND;;7.340327;53.325131;9.3372;53.124339
452;20263;14.09.2020;1286.91;95.86;Trinidadstraï¿½e 44;27356;Rotenburg (Wï¿½mme);SCHIFFBAUERDAMM ;26725;EMDEN;;7.210754;53.356681;9.3372;53.124339
459;20354;14.09.2020;74;36.96;Trinidadstraï¿½e 44;27356;Rotenburg (Wï¿½mme);KLAGENFURTER STRASSE ;28359;BREMEN;;8.854709;53.11048;9.3372;53.124339
521;20357;14.09.2020;215.521;68.54;Trinidadstraï¿½e 44;27356;Rotenburg (Wï¿½mme);RUHRBACHSTRASSE ;49688;LASTRUP;;7.88189;52.801856;9.3372;53.124339
464;20528;15.09.2020;288;51.86;Trinidadstraï¿½e 44;27356;Rotenburg (Wï¿½mme);KREMPEWEG ;27321;THEDINGHAUSEN;;9.017535;52.979372;9.3372;53.124339
482;20891;21.09.2020;41.8;48.24;Trinidadstraï¿½e 44;27356;Rotenburg (Wï¿½mme);FISCHEREIHAFEN ;26506;NORDEN;;7.160168;53.622708;9.3372;53.124339
1121;20984;22.09.2020;170.17;69.11;Trinidadstraï¿½e 44;27356;Rotenburg (Wï¿½mme);ZUM KRAFTWERK ;26725;EMDEN;;7.210053;53.340343;9.3372;53.124339
1121;21038;23.09.2020;31.918;46.5;Trinidadstraï¿½e 44;27356;Rotenburg (Wï¿½mme);ZUM KRAFTWERK ;26725;EMDEN;;7.210053;53.340343;9.3372;53.124339
858;21221;24.09.2020;977;87.96;Trinidadstraï¿½e 44;27356;Rotenburg (Wï¿½mme);ZUM ZUNGENKAI ;26725;EMDEN;;7.210465;53.357763;9.3372;53.124339
858;21438;28.09.2020;1024;91.08;Trinidadstraï¿½e 44;27356;Rotenburg (Wï¿½mme);ZUM ZUNGENKAI ;26725;EMDEN;;7.210465;53.357763;9.3372;53.124339
505;21515;29.09.2020;32.325;33.86;Trinidadstraï¿½e 44;27356;Rotenburg (Wï¿½mme);MARTENSSTRASSE ;28309;BREMEN;;8.899087;53.055616;9.3372;53.124339
536;21680;30.09.2020;121;63.95;Trinidadstraï¿½e 44;27356;Rotenburg (Wï¿½mme);WANGEROOGESTRASSE ;26384;WILHELMSHAVEN;;8.141902;53.528049;9.3372;53.124339
858;21840;01.10.2020;362.663;73.36;Trinidadstraï¿½e 44;27356;Rotenburg (Wï¿½mme);ZUM ZUNGENKAI ;26725;EMDEN;;7.210465;53.357763;9.3372;53.124339
521;21897;05.10.2020;348.75;70.62;Trinidadstraï¿½e 44;27356;Rotenburg (Wï¿½mme);RUHRBACHSTRASSE ;49688;LASTRUP;;7.88189;52.801856;9.3372;53.124339
536;21959;05.10.2020;121;63.95;Trinidadstraï¿½e 44;27356;Rotenburg (Wï¿½mme);WANGEROOGESTRASSE ;26384;WILHELMSHAVEN;;8.141902;53.528049;9.3372;53.124339
536;22247;07.10.2020;121;63.95;Trinidadstraï¿½e 44;27356;Rotenburg (Wï¿½mme);WANGEROOGESTRASSE ;26384;WILHELMSHAVEN;;8.141902;53.528049;9.3372;53.124339
1167;22593;12.10.2020;1766.36;88.8;Trinidadstraï¿½e 44;27356;Rotenburg (Wï¿½mme);HEINRICH DREYER STRASSE ;27798;HUDE;;8.472809;53.10303;9.3372;53.124339
1377;22649;13.10.2020;405;75.98;Trinidadstraï¿½e 44;27356;Rotenburg (Wï¿½mme);INDUSTRIEGEBIET Sï¿½D ;26871;PAPENBURG;;7.365236;53.092985;9.3372;53.124339
1121;22743;14.10.2020;15;24.61;Trinidadstraï¿½e 44;27356;Rotenburg (Wï¿½mme);ZUM KRAFTWERK ;26725;EMDEN;;7.210053;53.340343;9.3372;53.124339
1377;22937;16.10.2020;405;75.98;Trinidadstraï¿½e 44;27356;Rotenburg (Wï¿½mme);INDUSTRIEGEBIET Sï¿½D ;26871;PAPENBURG;;7.365236;53.092985;9.3372;53.124339
1167;22955;17.10.2020;2463;97.33;Trinidadstraï¿½e 44;27356;Rotenburg (Wï¿½mme);HEINRICH DREYER STRASSE ;27798;HUDE;;8.472809;53.10303;9.3372;53.124339
575;22996;17.10.2020;13.553;16.98;Trinidadstraï¿½e 44;27356;Rotenburg (Wï¿½mme);HAMMEWEG ;27726;WORPSWEDE;;8.910152;53.220897;9.3372;53.124339
575;23138;20.10.2020;09. Mai;16.98;Trinidadstraï¿½e 44;27356;Rotenburg (Wï¿½mme);HAMMEWEG ;27726;WORPSWEDE;;8.910152;53.220897;9.3372;53.124339
665;23242;21.10.2020;99.157;43.26;Trinidadstraï¿½e 44;27356;Rotenburg (Wï¿½mme);PILLAUER STRASSE ;28217;BREMEN;;8.764722;53.106757;9.3372;53.124339
908;23293;21.10.2020;482.194;78.83;Trinidadstraï¿½e 44;27356;Rotenburg (Wï¿½mme);NEU ETUMER STRASSE ;26736;KRUMMHï¿½RN;;7.059053;53.46214;9.3372;53.124339
1167;23526;26.10.2020;58.5;41.97;Trinidadstraï¿½e 44;27356;Rotenburg (Wï¿½mme);HEINRICH DREYER STRASSE ;27798;HUDE;;8.472809;53.10303;9.3372;53.124339
858;23562;26.10.2020;1028;91.08;Trinidadstraï¿½e 44;27356;Rotenburg (Wï¿½mme);ZUM ZUNGENKAI ;26725;EMDEN;;7.210465;53.357763;9.3372;53.124339
1167;24120;02.11.2020;3945;113.52;Trinidadstraï¿½e 44;27356;Rotenburg (Wï¿½mme);HEINRICH DREYER STRASSE ;27798;HUDE;;8.472809;53.10303;9.3372;53.124339
908;24200;02.11.2020;167;71.7;Trinidadstraï¿½e 44;27356;Rotenburg (Wï¿½mme);NEU ETUMER STRASSE ;26736;KRUMMHï¿½RN;;7.059053;53.46214;9.3372;53.124339
908;24392;04.11.2020;117.93;71.7;Trinidadstraï¿½e 44;27356;Rotenburg (Wï¿½mme);NEU ETUMER STRASSE ;26736;KRUMMHï¿½RN;;7.059053;53.46214;9.3372;53.124339
646;24402;04.11.2020;592.8;72.82;Trinidadstraï¿½e 44;27356;Rotenburg (Wï¿½mme);INDUSTRIESTRASSE ;26389;WILHELMSHAVEN;;8.080911;53.508797;9.3372;53.124339
654;24511;04.11.2020;558.25;49.58;Trinidadstraï¿½e 44;27356;Rotenburg (Wï¿½mme);HOHE LEUCHTE ;27283;VERDEN (ALLER);;9.233498;52.924898;9.3372;53.124339
665;24637;05.11.2020;33.711;33.86;Trinidadstraï¿½e 44;27356;Rotenburg (Wï¿½mme);PILLAUER STRASSE ;28217;BREMEN;;8.764722;53.106757;9.3372;53.124339
693;25034;11.11.2020;108.043;50.35;Trinidadstraï¿½e 44;27356;Rotenburg (Wï¿½mme);WASSERWERK ;28857;SYKE;;8.787689;52.941614;9.3372;53.124339
738;25704;19.11.2020;620.338;81.53;Trinidadstraï¿½e 44;27356;Rotenburg (Wï¿½mme);WERFTSTRASSE ;26802;MOORMERLAND;;7.340327;53.325131;9.3372;53.124339
1360;26271;26.11.2020;345.9;60.65;Trinidadstraï¿½e 44;27356;Rotenburg (Wï¿½mme);TITANSTRASSE ;26954;NORDENHAM;;8.547652;53.525865;9.3372;53.124339
797;26354;26.11.2020;1884;110.38;Trinidadstraï¿½e 44;27356;Rotenburg (Wï¿½mme);NEPTUNDOCK ;26723;EMDEN;;7.203147;53.36067;9.3372;53.124339
851;26829;02.12.2020;482.534;75.98;Trinidadstraï¿½e 44;27356;Rotenburg (Wï¿½mme);ZUM Sï¿½DKAI ;26723;EMDEN;;7.187805;53.335411;9.3372;53.124339
1365;26927;03.12.2020;10;24.61;Trinidadstraï¿½e 44;27356;Rotenburg (Wï¿½mme);ZUM ZUNGENKAI ;26725;EMDEN;;7.210465;53.357763;9.3372;53.124339
908;27236;08.12.2020;266;73.87;Trinidadstraï¿½e 44;27356;Rotenburg (Wï¿½mme);NEU ETUMER STRASSE ;26736;KRUMMHï¿½RN;;7.059053;53.46214;9.3372;53.124339
1167;27627;11.12.2020;237.177;58.88;Trinidadstraï¿½e 44;27356;Rotenburg (Wï¿½mme);HEINRICH DREYER STRASSE ;27798;HUDE;;8.472809;53.10303;9.3372;53.124339
1376;27825;15.12.2020;143.906;69.11;Trinidadstraï¿½e 44;27356;Rotenburg (Wï¿½mme);INDUSTRIEGEBIET Sï¿½D ;26871;PAPENBURG;;7.365236;53.092985;9.3372;53.124339
1121;27933;15.12.2020;217.771;71.21;Trinidadstraï¿½e 44;27356;Rotenburg (Wï¿½mme);ZUM KRAFTWERK ;26725;EMDEN;;7.210053;53.340343;9.3372;53.124339
1167;28018;16.12.2020;502.04;65.08;Trinidadstraï¿½e 44;27356;Rotenburg (Wï¿½mme);HEINRICH DREYER STRASSE ;27798;HUDE;;8.472809;53.10303;9.3372;53.124339
