MR_ID;Kalenderwoche;Wochentag;Monat;Fahrzeugtyp;Fahrzeugkapazität;Frachtgewicht;Auslastung;SequenzExt;SequenzInt
0-195-2;18;0;<attribute 'month' of 'datetime.date' objects>;2;24000;15160.630000000001;0.6316929166666667;[1016, 1133, 0];[3, 33, 0]
0-6643-0;18;0;<attribute 'month' of 'datetime.date' objects>;0;9000;17474.04;1.9415600000000002;[1165, 1084, 1020, 0];[36, 25, 4, 0]
0-8321-0;18;0;<attribute 'month' of 'datetime.date' objects>;0;9000;2022.0;0.22466666666666665;[1236, 1030, 1177, 0];[49, 5, 39, 0]
0-9130-0;18;0;<attribute 'month' of 'datetime.date' objects>;0;9000;3043.1600000000003;0.3381288888888889;[1176, 1031, 1074, 0];[38, 6, 22, 0]
0-10472-0;18;0;<attribute 'month' of 'datetime.date' objects>;0;9000;1138.08;0.12645333333333333;[1255, 1034, 1089, 0];[50, 7, 27, 0]
0-11620-0;18;0;<attribute 'month' of 'datetime.date' objects>;0;9000;926.56;0.1029511111111111;[1035, 1164, 1091, 0];[8, 35, 28, 0]
0-16029-0;18;0;<attribute 'month' of 'datetime.date' objects>;0;9000;839.3299999999999;0.09325888888888888;[1193, 1053, 1313, 0];[44, 12, 52, 0]
0-17924-0;18;0;<attribute 'month' of 'datetime.date' objects>;0;9000;1962.76;0.21808444444444444;[1063, 1062, 1115, 0];[16, 15, 30, 0]
0-19985-0;18;0;<attribute 'month' of 'datetime.date' objects>;0;9000;7940.23;0.8822477777777777;[1497, 1064, 1123, 0];[57, 17, 31, 0]
0-21028-1;18;0;<attribute 'month' of 'datetime.date' objects>;1;12000;4955.74;0.41297833333333334;[1068, 1067, 1371, 0];[20, 19, 55, 0]
0-26710-1;18;0;<attribute 'month' of 'datetime.date' objects>;1;12000;12248.54;1.0207116666666667;[1102, 1315, 1350, 0];[29, 53, 54, 0]
1-14062-1;18;1;<attribute 'month' of 'datetime.date' objects>;1;12000;4402.3099999999995;0.3668591666666666;[1187, 1045, 1186, 0];[42, 10, 41, 0]
1-17175-2;18;1;<attribute 'month' of 'datetime.date' objects>;2;24000;3125.34;0.13022250000000002;[1065, 1204, 1061, 0];[18, 45, 14, 0]
2-910-1;18;2;<attribute 'month' of 'datetime.date' objects>;1;12000;7475.6;0.6229666666666667;[1067, 1068, 0];[19, 20, 0]
2-2774-0;18;2;<attribute 'month' of 'datetime.date' objects>;0;9000;1538.0;0.1708888888888889;[1236, 1001, 1091, 0];[49, 1, 28, 0]
2-9879-0;18;2;<attribute 'month' of 'datetime.date' objects>;0;9000;2137.2599999999998;0.23747333333333331;[1050, 1070, 1034, 0];[11, 21, 7, 0]
2-11553-1;18;2;<attribute 'month' of 'datetime.date' objects>;1;12000;21108.27;1.7590225;[1089, 1088, 1035, 0];[27, 26, 8, 0]
2-12841-0;18;2;<attribute 'month' of 'datetime.date' objects>;0;9000;7022.57;0.7802855555555556;[1126, 1041, 1151, 0];[32, 9, 34, 0]
2-29931-1;18;2;<attribute 'month' of 'datetime.date' objects>;1;12000;12814.47;1.0678725;[1056, 1179, 1063, 1372, 1062, 1213, 0];[13, 40, 16, 56, 15, 47, 0]
3-3213-2;18;3;<attribute 'month' of 'datetime.date' objects>;2;24000;539.48;0.022478333333333333;[1115, 1015, 1016, 0];[30, 2, 3, 0]
3-9554-0;18;3;<attribute 'month' of 'datetime.date' objects>;0;9000;9705.2;1.0783555555555557;[1176, 1031, 1210, 0];[38, 6, 46, 0]
3-20798-1;18;3;<attribute 'month' of 'datetime.date' objects>;1;12000;4114.88;0.3429066666666667;[1065, 1204, 1174, 0];[18, 45, 37, 0]
3-23602-0;18;3;<attribute 'month' of 'datetime.date' objects>;0;9000;1621.31;0.18014555555555556;[1084, 1076, 1273, 0];[25, 23, 51, 0]
3-24290-2;18;3;<attribute 'month' of 'datetime.date' objects>;2;24000;20629.529999999995;0.8595637499999998;[1082, 1190, 1123, 0];[24, 43, 31, 0]
4-46-0;18;4;<attribute 'month' of 'datetime.date' objects>;0;9000;1047.12;0.11634666666666665;[1213, 0];[47, 0]
4-14083-1;18;4;<attribute 'month' of 'datetime.date' objects>;1;12000;11452.779999999999;0.9543983333333332;[1231, 1187, 1045, 0];[48, 42, 10, 0]
4-17050-0;18;4;<attribute 'month' of 'datetime.date' objects>;0;9000;1902.12;0.21134666666666665;[1179, 1062, 1061, 0];[40, 15, 14, 0]
0-195-2;19;0;<attribute 'month' of 'datetime.date' objects>;2;24000;20864.45;0.8693520833333334;[1016, 1133, 0];[3, 33, 0]
0-6643-0;19;0;<attribute 'month' of 'datetime.date' objects>;0;9000;13008.82;1.4454244444444444;[1165, 1084, 1020, 0];[36, 25, 4, 0]
0-8321-0;19;0;<attribute 'month' of 'datetime.date' objects>;0;9000;18223.190000000002;2.0247988888888893;[1236, 1030, 1177, 0];[49, 5, 39, 0]
0-9130-0;19;0;<attribute 'month' of 'datetime.date' objects>;0;9000;2024.94;0.22499333333333335;[1176, 1031, 1074, 0];[38, 6, 22, 0]
0-10472-0;19;0;<attribute 'month' of 'datetime.date' objects>;0;9000;3585.59;0.3983988888888889;[1255, 1034, 1089, 0];[50, 7, 27, 0]
0-11620-0;19;0;<attribute 'month' of 'datetime.date' objects>;0;9000;248.75;0.02763888888888889;[1035, 1164, 1091, 0];[8, 35, 28, 0]
0-16029-0;19;0;<attribute 'month' of 'datetime.date' objects>;0;9000;4422.0;0.49133333333333334;[1193, 1053, 1313, 0];[44, 12, 52, 0]
0-17924-0;19;0;<attribute 'month' of 'datetime.date' objects>;0;9000;9339.800000000001;1.0377555555555558;[1063, 1062, 1115, 0];[16, 15, 30, 0]
0-19985-0;19;0;<attribute 'month' of 'datetime.date' objects>;0;9000;10604.83;1.1783144444444444;[1497, 1064, 1123, 0];[57, 17, 31, 0]
0-21028-1;19;0;<attribute 'month' of 'datetime.date' objects>;1;12000;3605.3900000000003;0.3004491666666667;[1068, 1067, 1371, 0];[20, 19, 55, 0]
0-26710-1;19;0;<attribute 'month' of 'datetime.date' objects>;1;12000;5351.09;0.4459241666666667;[1102, 1315, 1350, 0];[29, 53, 54, 0]
1-14062-1;19;1;<attribute 'month' of 'datetime.date' objects>;1;12000;1292.0;0.10766666666666666;[1187, 1045, 1186, 0];[42, 10, 41, 0]
1-17175-2;19;1;<attribute 'month' of 'datetime.date' objects>;2;24000;536.17;0.022340416666666665;[1065, 1204, 1061, 0];[18, 45, 14, 0]
2-910-1;19;2;<attribute 'month' of 'datetime.date' objects>;1;12000;4384.11;0.36534249999999996;[1067, 1068, 0];[19, 20, 0]
2-2774-0;19;2;<attribute 'month' of 'datetime.date' objects>;0;9000;4259.75;0.47330555555555553;[1236, 1001, 1091, 0];[49, 1, 28, 0]
2-9879-0;19;2;<attribute 'month' of 'datetime.date' objects>;0;9000;7457.61;0.8286233333333333;[1050, 1070, 1034, 0];[11, 21, 7, 0]
2-11553-1;19;2;<attribute 'month' of 'datetime.date' objects>;1;12000;3416.0;0.2846666666666667;[1089, 1088, 1035, 0];[27, 26, 8, 0]
2-12841-0;19;2;<attribute 'month' of 'datetime.date' objects>;0;9000;4532.0;0.5035555555555555;[1126, 1041, 1151, 0];[32, 9, 34, 0]
2-29931-1;19;2;<attribute 'month' of 'datetime.date' objects>;1;12000;10312.11;0.8593425;[1056, 1179, 1063, 1372, 1062, 1213, 0];[13, 40, 16, 56, 15, 47, 0]
3-3213-2;19;3;<attribute 'month' of 'datetime.date' objects>;2;24000;14569.769999999999;0.60707375;[1115, 1015, 1016, 0];[30, 2, 3, 0]
3-9554-0;19;3;<attribute 'month' of 'datetime.date' objects>;0;9000;177.0;0.019666666666666666;[1176, 1031, 1210, 0];[38, 6, 46, 0]
3-20798-1;19;3;<attribute 'month' of 'datetime.date' objects>;1;12000;8140.0;0.6783333333333333;[1065, 1204, 1174, 0];[18, 45, 37, 0]
3-23602-0;19;3;<attribute 'month' of 'datetime.date' objects>;0;9000;2811.84;0.3124266666666667;[1084, 1076, 1273, 0];[25, 23, 51, 0]
3-24290-2;19;3;<attribute 'month' of 'datetime.date' objects>;2;24000;25119.489999999998;1.0466454166666666;[1082, 1190, 1123, 0];[24, 43, 31, 0]
4-46-0;19;4;<attribute 'month' of 'datetime.date' objects>;0;9000;2519.7;0.27996666666666664;[1213, 0];[47, 0]
4-14083-1;19;4;<attribute 'month' of 'datetime.date' objects>;1;12000;7235.370000000001;0.6029475000000001;[1231, 1187, 1045, 0];[48, 42, 10, 0]
4-17050-0;19;4;<attribute 'month' of 'datetime.date' objects>;0;9000;7093.1900000000005;0.7881322222222222;[1179, 1062, 1061, 0];[40, 15, 14, 0]
0-195-2;20;0;<attribute 'month' of 'datetime.date' objects>;2;24000;9476.27;0.39484458333333333;[1016, 1133, 0];[3, 33, 0]
0-6643-0;20;0;<attribute 'month' of 'datetime.date' objects>;0;9000;14129.36;1.569928888888889;[1165, 1084, 1020, 0];[36, 25, 4, 0]
0-8321-0;20;0;<attribute 'month' of 'datetime.date' objects>;0;9000;11632.0;1.2924444444444445;[1236, 1030, 1177, 0];[49, 5, 39, 0]
0-9130-0;20;0;<attribute 'month' of 'datetime.date' objects>;0;9000;9356.810000000001;1.0396455555555557;[1176, 1031, 1074, 0];[38, 6, 22, 0]
0-10472-0;20;0;<attribute 'month' of 'datetime.date' objects>;0;9000;5050.99;0.5612211111111111;[1255, 1034, 1089, 0];[50, 7, 27, 0]
0-11620-0;20;0;<attribute 'month' of 'datetime.date' objects>;0;9000;0.0;0.0;[1035, 1164, 1091, 0];[8, 35, 28, 0]
0-16029-0;20;0;<attribute 'month' of 'datetime.date' objects>;0;9000;2509.5;0.2788333333333333;[1193, 1053, 1313, 0];[44, 12, 52, 0]
0-17924-0;20;0;<attribute 'month' of 'datetime.date' objects>;0;9000;4846.09;0.5384544444444445;[1063, 1062, 1115, 0];[16, 15, 30, 0]
0-19985-0;20;0;<attribute 'month' of 'datetime.date' objects>;0;9000;2128.5;0.2365;[1497, 1064, 1123, 0];[57, 17, 31, 0]
0-21028-1;20;0;<attribute 'month' of 'datetime.date' objects>;1;12000;8950.39;0.7458658333333333;[1068, 1067, 1371, 0];[20, 19, 55, 0]
0-26710-1;20;0;<attribute 'month' of 'datetime.date' objects>;1;12000;9161.4;0.76345;[1102, 1315, 1350, 0];[29, 53, 54, 0]
1-14062-1;20;1;<attribute 'month' of 'datetime.date' objects>;1;12000;12713.48;1.0594566666666667;[1187, 1045, 1186, 0];[42, 10, 41, 0]
1-17175-2;20;1;<attribute 'month' of 'datetime.date' objects>;2;24000;3466.0;0.14441666666666667;[1065, 1204, 1061, 0];[18, 45, 14, 0]
2-910-1;20;2;<attribute 'month' of 'datetime.date' objects>;1;12000;6929.71;0.5774758333333333;[1067, 1068, 0];[19, 20, 0]
2-2774-0;20;2;<attribute 'month' of 'datetime.date' objects>;0;9000;280.27;0.03114111111111111;[1236, 1001, 1091, 0];[49, 1, 28, 0]
2-9879-0;20;2;<attribute 'month' of 'datetime.date' objects>;0;9000;4262.82;0.47364666666666666;[1050, 1070, 1034, 0];[11, 21, 7, 0]
2-11553-1;20;2;<attribute 'month' of 'datetime.date' objects>;1;12000;4036.13;0.33634416666666667;[1089, 1088, 1035, 0];[27, 26, 8, 0]
2-12841-0;20;2;<attribute 'month' of 'datetime.date' objects>;0;9000;4914.0;0.546;[1126, 1041, 1151, 0];[32, 9, 34, 0]
2-29931-1;20;2;<attribute 'month' of 'datetime.date' objects>;1;12000;10227.37;0.8522808333333334;[1056, 1179, 1063, 1372, 1062, 1213, 0];[13, 40, 16, 56, 15, 47, 0]
3-3213-2;20;3;<attribute 'month' of 'datetime.date' objects>;2;24000;16899.489999999998;0.7041454166666666;[1115, 1015, 1016, 0];[30, 2, 3, 0]
3-9554-0;20;3;<attribute 'month' of 'datetime.date' objects>;0;9000;1495.75;0.16619444444444445;[1176, 1031, 1210, 0];[38, 6, 46, 0]
3-20798-1;20;3;<attribute 'month' of 'datetime.date' objects>;1;12000;15611.0;1.3009166666666667;[1065, 1204, 1174, 0];[18, 45, 37, 0]
3-23602-0;20;3;<attribute 'month' of 'datetime.date' objects>;0;9000;1085.9099999999999;0.12065666666666665;[1084, 1076, 1273, 0];[25, 23, 51, 0]
3-24290-2;20;3;<attribute 'month' of 'datetime.date' objects>;2;24000;6973.88;0.2905783333333333;[1082, 1190, 1123, 0];[24, 43, 31, 0]
4-46-0;20;4;<attribute 'month' of 'datetime.date' objects>;0;9000;2794.48;0.31049777777777776;[1213, 0];[47, 0]
4-14083-1;20;4;<attribute 'month' of 'datetime.date' objects>;1;12000;8502.0;0.7085;[1231, 1187, 1045, 0];[48, 42, 10, 0]
4-17050-0;20;4;<attribute 'month' of 'datetime.date' objects>;0;9000;4623.489999999999;0.513721111111111;[1179, 1062, 1061, 0];[40, 15, 14, 0]
0-195-2;21;0;<attribute 'month' of 'datetime.date' objects>;2;24000;11508.67;0.47952791666666666;[1016, 1133, 0];[3, 33, 0]
0-6643-0;21;0;<attribute 'month' of 'datetime.date' objects>;0;9000;5175.24;0.5750266666666667;[1165, 1084, 1020, 0];[36, 25, 4, 0]
0-8321-0;21;0;<attribute 'month' of 'datetime.date' objects>;0;9000;0.0;0.0;[1236, 1030, 1177, 0];[49, 5, 39, 0]
0-9130-0;21;0;<attribute 'month' of 'datetime.date' objects>;0;9000;3261.3599999999997;0.36237333333333327;[1176, 1031, 1074, 0];[38, 6, 22, 0]
0-10472-0;21;0;<attribute 'month' of 'datetime.date' objects>;0;9000;4706.17;0.5229077777777777;[1255, 1034, 1089, 0];[50, 7, 27, 0]
0-11620-0;21;0;<attribute 'month' of 'datetime.date' objects>;0;9000;47.0;0.005222222222222222;[1035, 1164, 1091, 0];[8, 35, 28, 0]
0-16029-0;21;0;<attribute 'month' of 'datetime.date' objects>;0;9000;2533.5;0.2815;[1193, 1053, 1313, 0];[44, 12, 52, 0]
0-17924-0;21;0;<attribute 'month' of 'datetime.date' objects>;0;9000;4769.78;0.5299755555555555;[1063, 1062, 1115, 0];[16, 15, 30, 0]
0-19985-0;21;0;<attribute 'month' of 'datetime.date' objects>;0;9000;1964.27;0.2182522222222222;[1497, 1064, 1123, 0];[57, 17, 31, 0]
0-21028-1;21;0;<attribute 'month' of 'datetime.date' objects>;1;12000;13242.439999999999;1.1035366666666666;[1068, 1067, 1371, 0];[20, 19, 55, 0]
0-26710-1;21;0;<attribute 'month' of 'datetime.date' objects>;1;12000;11138.9;0.9282416666666666;[1102, 1315, 1350, 0];[29, 53, 54, 0]
1-14062-1;21;1;<attribute 'month' of 'datetime.date' objects>;1;12000;2754.0299999999997;0.22950249999999997;[1187, 1045, 1186, 0];[42, 10, 41, 0]
1-17175-2;21;1;<attribute 'month' of 'datetime.date' objects>;2;24000;3617.64;0.150735;[1065, 1204, 1061, 0];[18, 45, 14, 0]
2-910-1;21;2;<attribute 'month' of 'datetime.date' objects>;1;12000;0.0;0.0;[1067, 1068, 0];[19, 20, 0]
2-2774-0;21;2;<attribute 'month' of 'datetime.date' objects>;0;9000;2485.5;0.27616666666666667;[1236, 1001, 1091, 0];[49, 1, 28, 0]
2-9879-0;21;2;<attribute 'month' of 'datetime.date' objects>;0;9000;1763.1799999999998;0.19590888888888888;[1050, 1070, 1034, 0];[11, 21, 7, 0]
2-11553-1;21;2;<attribute 'month' of 'datetime.date' objects>;1;12000;1568.16;0.13068000000000002;[1089, 1088, 1035, 0];[27, 26, 8, 0]
2-12841-0;21;2;<attribute 'month' of 'datetime.date' objects>;0;9000;4644.0;0.516;[1126, 1041, 1151, 0];[32, 9, 34, 0]
2-29931-1;21;2;<attribute 'month' of 'datetime.date' objects>;1;12000;3366.7699999999995;0.2805641666666666;[1056, 1179, 1063, 1372, 1062, 1213, 0];[13, 40, 16, 56, 15, 47, 0]
3-3213-2;21;3;<attribute 'month' of 'datetime.date' objects>;2;24000;0.0;0.0;[1115, 1015, 1016, 0];[30, 2, 3, 0]
3-9554-0;21;3;<attribute 'month' of 'datetime.date' objects>;0;9000;132.86;0.014762222222222223;[1176, 1031, 1210, 0];[38, 6, 46, 0]
3-20798-1;21;3;<attribute 'month' of 'datetime.date' objects>;1;12000;716.5;0.059708333333333335;[1065, 1204, 1174, 0];[18, 45, 37, 0]
3-23602-0;21;3;<attribute 'month' of 'datetime.date' objects>;0;9000;0.0;0.0;[1084, 1076, 1273, 0];[25, 23, 51, 0]
3-24290-2;21;3;<attribute 'month' of 'datetime.date' objects>;2;24000;0.0;0.0;[1082, 1190, 1123, 0];[24, 43, 31, 0]
4-46-0;21;4;<attribute 'month' of 'datetime.date' objects>;0;9000;0.0;0.0;[1213, 0];[47, 0]
4-14083-1;21;4;<attribute 'month' of 'datetime.date' objects>;1;12000;6655.3099999999995;0.5546091666666666;[1231, 1187, 1045, 0];[48, 42, 10, 0]
4-17050-0;21;4;<attribute 'month' of 'datetime.date' objects>;0;9000;2318.5;0.2576111111111111;[1179, 1062, 1061, 0];[40, 15, 14, 0]
0-195-2;22;0;<attribute 'month' of 'datetime.date' objects>;2;24000;16247.06;0.6769608333333333;[1016, 1133, 0];[3, 33, 0]
0-6643-0;22;0;<attribute 'month' of 'datetime.date' objects>;0;9000;10293.33;1.1437033333333333;[1165, 1084, 1020, 0];[36, 25, 4, 0]
0-8321-0;22;0;<attribute 'month' of 'datetime.date' objects>;0;9000;3488.57;0.3876188888888889;[1236, 1030, 1177, 0];[49, 5, 39, 0]
0-9130-0;22;0;<attribute 'month' of 'datetime.date' objects>;0;9000;5732.180000000001;0.636908888888889;[1176, 1031, 1074, 0];[38, 6, 22, 0]
0-10472-0;22;0;<attribute 'month' of 'datetime.date' objects>;0;9000;3143.67;0.3492966666666667;[1255, 1034, 1089, 0];[50, 7, 27, 0]
0-11620-0;22;0;<attribute 'month' of 'datetime.date' objects>;0;9000;3213.06;0.35700666666666664;[1035, 1164, 1091, 0];[8, 35, 28, 0]
0-16029-0;22;0;<attribute 'month' of 'datetime.date' objects>;0;9000;10593.050000000001;1.1770055555555556;[1193, 1053, 1313, 0];[44, 12, 52, 0]
0-17924-0;22;0;<attribute 'month' of 'datetime.date' objects>;0;9000;8396.55;0.93295;[1063, 1062, 1115, 0];[16, 15, 30, 0]
0-19985-0;22;0;<attribute 'month' of 'datetime.date' objects>;0;9000;852.7199999999999;0.09474666666666666;[1497, 1064, 1123, 0];[57, 17, 31, 0]
0-21028-1;22;0;<attribute 'month' of 'datetime.date' objects>;1;12000;5487.83;0.45731916666666667;[1068, 1067, 1371, 0];[20, 19, 55, 0]
0-26710-1;22;0;<attribute 'month' of 'datetime.date' objects>;1;12000;8925.62;0.7438016666666667;[1102, 1315, 1350, 0];[29, 53, 54, 0]
1-14062-1;22;1;<attribute 'month' of 'datetime.date' objects>;1;12000;10258.78;0.8548983333333334;[1187, 1045, 1186, 0];[42, 10, 41, 0]
1-17175-2;22;1;<attribute 'month' of 'datetime.date' objects>;2;24000;2762.8;0.11511666666666667;[1065, 1204, 1061, 0];[18, 45, 14, 0]
2-910-1;22;2;<attribute 'month' of 'datetime.date' objects>;1;12000;2513.42;0.20945166666666667;[1067, 1068, 0];[19, 20, 0]
2-2774-0;22;2;<attribute 'month' of 'datetime.date' objects>;0;9000;5618.53;0.6242811111111111;[1236, 1001, 1091, 0];[49, 1, 28, 0]
2-9879-0;22;2;<attribute 'month' of 'datetime.date' objects>;0;9000;4808.76;0.5343066666666667;[1050, 1070, 1034, 0];[11, 21, 7, 0]
2-11553-1;22;2;<attribute 'month' of 'datetime.date' objects>;1;12000;10161.84;0.84682;[1089, 1088, 1035, 0];[27, 26, 8, 0]
2-12841-0;22;2;<attribute 'month' of 'datetime.date' objects>;0;9000;4112.0;0.4568888888888889;[1126, 1041, 1151, 0];[32, 9, 34, 0]
2-29931-1;22;2;<attribute 'month' of 'datetime.date' objects>;1;12000;2866.8;0.23890000000000003;[1056, 1179, 1063, 1372, 1062, 1213, 0];[13, 40, 16, 56, 15, 47, 0]
3-3213-2;22;3;<attribute 'month' of 'datetime.date' objects>;2;24000;7924.0;0.33016666666666666;[1115, 1015, 1016, 0];[30, 2, 3, 0]
3-9554-0;22;3;<attribute 'month' of 'datetime.date' objects>;0;9000;276.24;0.030693333333333333;[1176, 1031, 1210, 0];[38, 6, 46, 0]
3-20798-1;22;3;<attribute 'month' of 'datetime.date' objects>;1;12000;6297.5;0.5247916666666667;[1065, 1204, 1174, 0];[18, 45, 37, 0]
3-23602-0;22;3;<attribute 'month' of 'datetime.date' objects>;0;9000;4366.76;0.4851955555555556;[1084, 1076, 1273, 0];[25, 23, 51, 0]
3-24290-2;22;3;<attribute 'month' of 'datetime.date' objects>;2;24000;0.0;0.0;[1082, 1190, 1123, 0];[24, 43, 31, 0]
4-46-0;22;4;<attribute 'month' of 'datetime.date' objects>;0;9000;0.0;0.0;[1213, 0];[47, 0]
4-14083-1;22;4;<attribute 'month' of 'datetime.date' objects>;1;12000;1113.0;0.09275;[1231, 1187, 1045, 0];[48, 42, 10, 0]
4-17050-0;22;4;<attribute 'month' of 'datetime.date' objects>;0;9000;807.95;0.08977222222222223;[1179, 1062, 1061, 0];[40, 15, 14, 0]
0-195-2;23;0;<attribute 'month' of 'datetime.date' objects>;2;24000;7217.88;0.300745;[1016, 1133, 0];[3, 33, 0]
0-6643-0;23;0;<attribute 'month' of 'datetime.date' objects>;0;9000;9441.91;1.049101111111111;[1165, 1084, 1020, 0];[36, 25, 4, 0]
0-8321-0;23;0;<attribute 'month' of 'datetime.date' objects>;0;9000;0.0;0.0;[1236, 1030, 1177, 0];[49, 5, 39, 0]
0-9130-0;23;0;<attribute 'month' of 'datetime.date' objects>;0;9000;112.68;0.012520000000000002;[1176, 1031, 1074, 0];[38, 6, 22, 0]
0-10472-0;23;0;<attribute 'month' of 'datetime.date' objects>;0;9000;1728.64;0.1920711111111111;[1255, 1034, 1089, 0];[50, 7, 27, 0]
0-11620-0;23;0;<attribute 'month' of 'datetime.date' objects>;0;9000;1641.63;0.18240333333333333;[1035, 1164, 1091, 0];[8, 35, 28, 0]
0-16029-0;23;0;<attribute 'month' of 'datetime.date' objects>;0;9000;3404.9;0.3783222222222222;[1193, 1053, 1313, 0];[44, 12, 52, 0]
0-17924-0;23;0;<attribute 'month' of 'datetime.date' objects>;0;9000;1423.76;0.15819555555555556;[1063, 1062, 1115, 0];[16, 15, 30, 0]
0-19985-0;23;0;<attribute 'month' of 'datetime.date' objects>;0;9000;9931.15;1.103461111111111;[1497, 1064, 1123, 0];[57, 17, 31, 0]
0-21028-1;23;0;<attribute 'month' of 'datetime.date' objects>;1;12000;5117.58;0.426465;[1068, 1067, 1371, 0];[20, 19, 55, 0]
0-26710-1;23;0;<attribute 'month' of 'datetime.date' objects>;1;12000;8865.8;0.7388166666666666;[1102, 1315, 1350, 0];[29, 53, 54, 0]
1-14062-1;23;1;<attribute 'month' of 'datetime.date' objects>;1;12000;6349.409999999999;0.5291174999999999;[1187, 1045, 1186, 0];[42, 10, 41, 0]
1-17175-2;23;1;<attribute 'month' of 'datetime.date' objects>;2;24000;4234.0;0.17641666666666667;[1065, 1204, 1061, 0];[18, 45, 14, 0]
2-910-1;23;2;<attribute 'month' of 'datetime.date' objects>;1;12000;1388.74;0.11572833333333334;[1067, 1068, 0];[19, 20, 0]
2-2774-0;23;2;<attribute 'month' of 'datetime.date' objects>;0;9000;6928.09;0.7697877777777778;[1236, 1001, 1091, 0];[49, 1, 28, 0]
2-9879-0;23;2;<attribute 'month' of 'datetime.date' objects>;0;9000;2620.4700000000003;0.2911633333333334;[1050, 1070, 1034, 0];[11, 21, 7, 0]
2-11553-1;23;2;<attribute 'month' of 'datetime.date' objects>;1;12000;5493.5;0.45779166666666665;[1089, 1088, 1035, 0];[27, 26, 8, 0]
2-12841-0;23;2;<attribute 'month' of 'datetime.date' objects>;0;9000;3865.65;0.42951666666666666;[1126, 1041, 1151, 0];[32, 9, 34, 0]
2-29931-1;23;2;<attribute 'month' of 'datetime.date' objects>;1;12000;7546.04;0.6288366666666667;[1056, 1179, 1063, 1372, 1062, 1213, 0];[13, 40, 16, 56, 15, 47, 0]
3-3213-2;23;3;<attribute 'month' of 'datetime.date' objects>;2;24000;16947.21;0.70613375;[1115, 1015, 1016, 0];[30, 2, 3, 0]
3-9554-0;23;3;<attribute 'month' of 'datetime.date' objects>;0;9000;2292.67;0.25474111111111114;[1176, 1031, 1210, 0];[38, 6, 46, 0]
3-20798-1;23;3;<attribute 'month' of 'datetime.date' objects>;1;12000;4866.0;0.4055;[1065, 1204, 1174, 0];[18, 45, 37, 0]
3-23602-0;23;3;<attribute 'month' of 'datetime.date' objects>;0;9000;10896.91;1.2107677777777777;[1084, 1076, 1273, 0];[25, 23, 51, 0]
3-24290-2;23;3;<attribute 'month' of 'datetime.date' objects>;2;24000;29901.21;1.24588375;[1082, 1190, 1123, 0];[24, 43, 31, 0]
4-46-0;23;4;<attribute 'month' of 'datetime.date' objects>;0;9000;1407.08;0.15634222222222222;[1213, 0];[47, 0]
4-14083-1;23;4;<attribute 'month' of 'datetime.date' objects>;1;12000;7168.71;0.5973925;[1231, 1187, 1045, 0];[48, 42, 10, 0]
4-17050-0;23;4;<attribute 'month' of 'datetime.date' objects>;0;9000;4437.71;0.4930788888888889;[1179, 1062, 1061, 0];[40, 15, 14, 0]
0-195-2;24;0;<attribute 'month' of 'datetime.date' objects>;2;24000;10601.99;0.4417495833333333;[1016, 1133, 0];[3, 33, 0]
0-6643-0;24;0;<attribute 'month' of 'datetime.date' objects>;0;9000;2346.92;0.2607688888888889;[1165, 1084, 1020, 0];[36, 25, 4, 0]
0-8321-0;24;0;<attribute 'month' of 'datetime.date' objects>;0;9000;2561.84;0.2846488888888889;[1236, 1030, 1177, 0];[49, 5, 39, 0]
0-9130-0;24;0;<attribute 'month' of 'datetime.date' objects>;0;9000;3031.58;0.3368422222222222;[1176, 1031, 1074, 0];[38, 6, 22, 0]
0-10472-0;24;0;<attribute 'month' of 'datetime.date' objects>;0;9000;4081.8;0.45353333333333334;[1255, 1034, 1089, 0];[50, 7, 27, 0]
0-11620-0;24;0;<attribute 'month' of 'datetime.date' objects>;0;9000;4865.1;0.5405666666666668;[1035, 1164, 1091, 0];[8, 35, 28, 0]
0-16029-0;24;0;<attribute 'month' of 'datetime.date' objects>;0;9000;50.0;0.005555555555555556;[1193, 1053, 1313, 0];[44, 12, 52, 0]
0-17924-0;24;0;<attribute 'month' of 'datetime.date' objects>;0;9000;5104.25;0.5671388888888889;[1063, 1062, 1115, 0];[16, 15, 30, 0]
0-19985-0;24;0;<attribute 'month' of 'datetime.date' objects>;0;9000;7712.6900000000005;0.8569655555555556;[1497, 1064, 1123, 0];[57, 17, 31, 0]
0-21028-1;24;0;<attribute 'month' of 'datetime.date' objects>;1;12000;10221.61;0.8518008333333333;[1068, 1067, 1371, 0];[20, 19, 55, 0]
0-26710-1;24;0;<attribute 'month' of 'datetime.date' objects>;1;12000;2086.0;0.17383333333333334;[1102, 1315, 1350, 0];[29, 53, 54, 0]
1-14062-1;24;1;<attribute 'month' of 'datetime.date' objects>;1;12000;13884.31;1.1570258333333332;[1187, 1045, 1186, 0];[42, 10, 41, 0]
1-17175-2;24;1;<attribute 'month' of 'datetime.date' objects>;2;24000;7864.79;0.3276995833333333;[1065, 1204, 1061, 0];[18, 45, 14, 0]
2-910-1;24;2;<attribute 'month' of 'datetime.date' objects>;1;12000;0.0;0.0;[1067, 1068, 0];[19, 20, 0]
2-2774-0;24;2;<attribute 'month' of 'datetime.date' objects>;0;9000;153.52;0.01705777777777778;[1236, 1001, 1091, 0];[49, 1, 28, 0]
2-9879-0;24;2;<attribute 'month' of 'datetime.date' objects>;0;9000;5140.77;0.5711966666666667;[1050, 1070, 1034, 0];[11, 21, 7, 0]
2-11553-1;24;2;<attribute 'month' of 'datetime.date' objects>;1;12000;1923.53;0.16029416666666665;[1089, 1088, 1035, 0];[27, 26, 8, 0]
2-12841-0;24;2;<attribute 'month' of 'datetime.date' objects>;0;9000;3831.01;0.4256677777777778;[1126, 1041, 1151, 0];[32, 9, 34, 0]
2-29931-1;24;2;<attribute 'month' of 'datetime.date' objects>;1;12000;3181.16;0.26509666666666665;[1056, 1179, 1063, 1372, 1062, 1213, 0];[13, 40, 16, 56, 15, 47, 0]
3-3213-2;24;3;<attribute 'month' of 'datetime.date' objects>;2;24000;0.0;0.0;[1115, 1015, 1016, 0];[30, 2, 3, 0]
3-9554-0;24;3;<attribute 'month' of 'datetime.date' objects>;0;9000;0.0;0.0;[1176, 1031, 1210, 0];[38, 6, 46, 0]
3-20798-1;24;3;<attribute 'month' of 'datetime.date' objects>;1;12000;2464.0;0.20533333333333334;[1065, 1204, 1174, 0];[18, 45, 37, 0]
3-23602-0;24;3;<attribute 'month' of 'datetime.date' objects>;0;9000;0.0;0.0;[1084, 1076, 1273, 0];[25, 23, 51, 0]
3-24290-2;24;3;<attribute 'month' of 'datetime.date' objects>;2;24000;6074.5;0.2531041666666667;[1082, 1190, 1123, 0];[24, 43, 31, 0]
4-46-0;24;4;<attribute 'month' of 'datetime.date' objects>;0;9000;2900.58;0.32228666666666667;[1213, 0];[47, 0]
4-14083-1;24;4;<attribute 'month' of 'datetime.date' objects>;1;12000;21624.589999999997;1.8020491666666665;[1231, 1187, 1045, 0];[48, 42, 10, 0]
4-17050-0;24;4;<attribute 'month' of 'datetime.date' objects>;0;9000;14550.86;1.6167622222222222;[1179, 1062, 1061, 0];[40, 15, 14, 0]
0-195-2;25;0;<attribute 'month' of 'datetime.date' objects>;2;24000;26846.53;1.1186054166666666;[1016, 1133, 0];[3, 33, 0]
0-6643-0;25;0;<attribute 'month' of 'datetime.date' objects>;0;9000;8782.939999999999;0.9758822222222221;[1165, 1084, 1020, 0];[36, 25, 4, 0]
0-8321-0;25;0;<attribute 'month' of 'datetime.date' objects>;0;9000;7849.16;0.8721288888888888;[1236, 1030, 1177, 0];[49, 5, 39, 0]
0-9130-0;25;0;<attribute 'month' of 'datetime.date' objects>;0;9000;5079.0199999999995;0.5643355555555555;[1176, 1031, 1074, 0];[38, 6, 22, 0]
0-10472-0;25;0;<attribute 'month' of 'datetime.date' objects>;0;9000;9313.659999999998;1.034851111111111;[1255, 1034, 1089, 0];[50, 7, 27, 0]
0-11620-0;25;0;<attribute 'month' of 'datetime.date' objects>;0;9000;6495.0;0.7216666666666667;[1035, 1164, 1091, 0];[8, 35, 28, 0]
0-16029-0;25;0;<attribute 'month' of 'datetime.date' objects>;0;9000;12503.52;1.38928;[1193, 1053, 1313, 0];[44, 12, 52, 0]
0-17924-0;25;0;<attribute 'month' of 'datetime.date' objects>;0;9000;10135.86;1.1262066666666668;[1063, 1062, 1115, 0];[16, 15, 30, 0]
0-19985-0;25;0;<attribute 'month' of 'datetime.date' objects>;0;9000;2783.9;0.3093222222222222;[1497, 1064, 1123, 0];[57, 17, 31, 0]
0-21028-1;25;0;<attribute 'month' of 'datetime.date' objects>;1;12000;9140.779999999999;0.7617316666666666;[1068, 1067, 1371, 0];[20, 19, 55, 0]
0-26710-1;25;0;<attribute 'month' of 'datetime.date' objects>;1;12000;5973.780000000001;0.49781500000000006;[1102, 1315, 1350, 0];[29, 53, 54, 0]
1-14062-1;25;1;<attribute 'month' of 'datetime.date' objects>;1;12000;4646.25;0.3871875;[1187, 1045, 1186, 0];[42, 10, 41, 0]
1-17175-2;25;1;<attribute 'month' of 'datetime.date' objects>;2;24000;8712.89;0.3630370833333333;[1065, 1204, 1061, 0];[18, 45, 14, 0]
2-910-1;25;2;<attribute 'month' of 'datetime.date' objects>;1;12000;7222.46;0.6018716666666667;[1067, 1068, 0];[19, 20, 0]
2-2774-0;25;2;<attribute 'month' of 'datetime.date' objects>;0;9000;3401.0;0.3778888888888889;[1236, 1001, 1091, 0];[49, 1, 28, 0]
2-9879-0;25;2;<attribute 'month' of 'datetime.date' objects>;0;9000;7886.68;0.8762977777777778;[1050, 1070, 1034, 0];[11, 21, 7, 0]
2-11553-1;25;2;<attribute 'month' of 'datetime.date' objects>;1;12000;2802.0;0.2335;[1089, 1088, 1035, 0];[27, 26, 8, 0]
2-12841-0;25;2;<attribute 'month' of 'datetime.date' objects>;0;9000;5786.3;0.6429222222222223;[1126, 1041, 1151, 0];[32, 9, 34, 0]
2-29931-1;25;2;<attribute 'month' of 'datetime.date' objects>;1;12000;10588.66;0.8823883333333333;[1056, 1179, 1063, 1372, 1062, 1213, 0];[13, 40, 16, 56, 15, 47, 0]
3-3213-2;25;3;<attribute 'month' of 'datetime.date' objects>;2;24000;7258.7;0.3024458333333333;[1115, 1015, 1016, 0];[30, 2, 3, 0]
3-9554-0;25;3;<attribute 'month' of 'datetime.date' objects>;0;9000;1206.04;0.13400444444444445;[1176, 1031, 1210, 0];[38, 6, 46, 0]
3-20798-1;25;3;<attribute 'month' of 'datetime.date' objects>;1;12000;2627.0;0.21891666666666668;[1065, 1204, 1174, 0];[18, 45, 37, 0]
3-23602-0;25;3;<attribute 'month' of 'datetime.date' objects>;0;9000;442.0;0.04911111111111111;[1084, 1076, 1273, 0];[25, 23, 51, 0]
3-24290-2;25;3;<attribute 'month' of 'datetime.date' objects>;2;24000;3318.27;0.13826125;[1082, 1190, 1123, 0];[24, 43, 31, 0]
4-46-0;25;4;<attribute 'month' of 'datetime.date' objects>;0;9000;1801.8;0.2002;[1213, 0];[47, 0]
4-14083-1;25;4;<attribute 'month' of 'datetime.date' objects>;1;12000;12324.61;1.0270508333333335;[1231, 1187, 1045, 0];[48, 42, 10, 0]
4-17050-0;25;4;<attribute 'month' of 'datetime.date' objects>;0;9000;1745.0;0.1938888888888889;[1179, 1062, 1061, 0];[40, 15, 14, 0]
0-195-2;26;0;<attribute 'month' of 'datetime.date' objects>;2;24000;2304.0;0.096;[1016, 1133, 0];[3, 33, 0]
0-6643-0;26;0;<attribute 'month' of 'datetime.date' objects>;0;9000;176.25;0.019583333333333335;[1165, 1084, 1020, 0];[36, 25, 4, 0]
0-8321-0;26;0;<attribute 'month' of 'datetime.date' objects>;0;9000;3215.3199999999997;0.35725777777777773;[1236, 1030, 1177, 0];[49, 5, 39, 0]
0-9130-0;26;0;<attribute 'month' of 'datetime.date' objects>;0;9000;13468.39;1.4964877777777776;[1176, 1031, 1074, 0];[38, 6, 22, 0]
0-10472-0;26;0;<attribute 'month' of 'datetime.date' objects>;0;9000;202.5;0.0225;[1255, 1034, 1089, 0];[50, 7, 27, 0]
0-11620-0;26;0;<attribute 'month' of 'datetime.date' objects>;0;9000;5428.78;0.6031977777777777;[1035, 1164, 1091, 0];[8, 35, 28, 0]
0-16029-0;26;0;<attribute 'month' of 'datetime.date' objects>;0;9000;4403.0;0.4892222222222222;[1193, 1053, 1313, 0];[44, 12, 52, 0]
0-17924-0;26;0;<attribute 'month' of 'datetime.date' objects>;0;9000;9027.84;1.0030933333333334;[1063, 1062, 1115, 0];[16, 15, 30, 0]
0-19985-0;26;0;<attribute 'month' of 'datetime.date' objects>;0;9000;8615.76;0.9573066666666666;[1497, 1064, 1123, 0];[57, 17, 31, 0]
0-21028-1;26;0;<attribute 'month' of 'datetime.date' objects>;1;12000;5564.21;0.4636841666666667;[1068, 1067, 1371, 0];[20, 19, 55, 0]
0-26710-1;26;0;<attribute 'month' of 'datetime.date' objects>;1;12000;5004.84;0.41707;[1102, 1315, 1350, 0];[29, 53, 54, 0]
1-14062-1;26;1;<attribute 'month' of 'datetime.date' objects>;1;12000;5021.5;0.4184583333333333;[1187, 1045, 1186, 0];[42, 10, 41, 0]
1-17175-2;26;1;<attribute 'month' of 'datetime.date' objects>;2;24000;10090.0;0.42041666666666666;[1065, 1204, 1061, 0];[18, 45, 14, 0]
2-910-1;26;2;<attribute 'month' of 'datetime.date' objects>;1;12000;0.0;0.0;[1067, 1068, 0];[19, 20, 0]
2-2774-0;26;2;<attribute 'month' of 'datetime.date' objects>;0;9000;2409.56;0.2677288888888889;[1236, 1001, 1091, 0];[49, 1, 28, 0]
2-9879-0;26;2;<attribute 'month' of 'datetime.date' objects>;0;9000;2223.0;0.247;[1050, 1070, 1034, 0];[11, 21, 7, 0]
2-11553-1;26;2;<attribute 'month' of 'datetime.date' objects>;1;12000;5254.04;0.43783666666666665;[1089, 1088, 1035, 0];[27, 26, 8, 0]
2-12841-0;26;2;<attribute 'month' of 'datetime.date' objects>;0;9000;0.0;0.0;[1126, 1041, 1151, 0];[32, 9, 34, 0]
2-29931-1;26;2;<attribute 'month' of 'datetime.date' objects>;1;12000;1067.84;0.08898666666666666;[1056, 1179, 1063, 1372, 1062, 1213, 0];[13, 40, 16, 56, 15, 47, 0]
3-3213-2;26;3;<attribute 'month' of 'datetime.date' objects>;2;24000;1599.44;0.06664333333333333;[1115, 1015, 1016, 0];[30, 2, 3, 0]
3-9554-0;26;3;<attribute 'month' of 'datetime.date' objects>;0;9000;7988.290000000001;0.8875877777777779;[1176, 1031, 1210, 0];[38, 6, 46, 0]
3-20798-1;26;3;<attribute 'month' of 'datetime.date' objects>;1;12000;1224.0;0.102;[1065, 1204, 1174, 0];[18, 45, 37, 0]
3-23602-0;26;3;<attribute 'month' of 'datetime.date' objects>;0;9000;905.97;0.10066333333333334;[1084, 1076, 1273, 0];[25, 23, 51, 0]
3-24290-2;26;3;<attribute 'month' of 'datetime.date' objects>;2;24000;6308.12;0.26283833333333334;[1082, 1190, 1123, 0];[24, 43, 31, 0]
4-46-0;26;4;<attribute 'month' of 'datetime.date' objects>;0;9000;785.0;0.08722222222222223;[1213, 0];[47, 0]
4-14083-1;26;4;<attribute 'month' of 'datetime.date' objects>;1;12000;2063.96;0.17199666666666666;[1231, 1187, 1045, 0];[48, 42, 10, 0]
4-17050-0;26;4;<attribute 'month' of 'datetime.date' objects>;0;9000;264.0;0.029333333333333333;[1179, 1062, 1061, 0];[40, 15, 14, 0]
0-195-2;27;0;<attribute 'month' of 'datetime.date' objects>;2;24000;28208.440000000002;1.1753516666666668;[1016, 1133, 0];[3, 33, 0]
0-6643-0;27;0;<attribute 'month' of 'datetime.date' objects>;0;9000;11373.29;1.263698888888889;[1165, 1084, 1020, 0];[36, 25, 4, 0]
0-8321-0;27;0;<attribute 'month' of 'datetime.date' objects>;0;9000;202.5;0.0225;[1236, 1030, 1177, 0];[49, 5, 39, 0]
0-9130-0;27;0;<attribute 'month' of 'datetime.date' objects>;0;9000;0.0;0.0;[1176, 1031, 1074, 0];[38, 6, 22, 0]
0-10472-0;27;0;<attribute 'month' of 'datetime.date' objects>;0;9000;5920.24;0.6578044444444444;[1255, 1034, 1089, 0];[50, 7, 27, 0]
0-11620-0;27;0;<attribute 'month' of 'datetime.date' objects>;0;9000;4373.0;0.48588888888888887;[1035, 1164, 1091, 0];[8, 35, 28, 0]
0-16029-0;27;0;<attribute 'month' of 'datetime.date' objects>;0;9000;8106.9;0.9007666666666666;[1193, 1053, 1313, 0];[44, 12, 52, 0]
0-17924-0;27;0;<attribute 'month' of 'datetime.date' objects>;0;9000;6641.46;0.73794;[1063, 1062, 1115, 0];[16, 15, 30, 0]
0-19985-0;27;0;<attribute 'month' of 'datetime.date' objects>;0;9000;4822.05;0.5357833333333334;[1497, 1064, 1123, 0];[57, 17, 31, 0]
0-21028-1;27;0;<attribute 'month' of 'datetime.date' objects>;1;12000;9656.46;0.8047049999999999;[1068, 1067, 1371, 0];[20, 19, 55, 0]
0-26710-1;27;0;<attribute 'month' of 'datetime.date' objects>;1;12000;4066.87;0.33890583333333335;[1102, 1315, 1350, 0];[29, 53, 54, 0]
1-14062-1;27;1;<attribute 'month' of 'datetime.date' objects>;1;12000;10623.019999999999;0.8852516666666665;[1187, 1045, 1186, 0];[42, 10, 41, 0]
1-17175-2;27;1;<attribute 'month' of 'datetime.date' objects>;2;24000;12708.53;0.5295220833333334;[1065, 1204, 1061, 0];[18, 45, 14, 0]
2-910-1;27;2;<attribute 'month' of 'datetime.date' objects>;1;12000;6969.67;0.5808058333333334;[1067, 1068, 0];[19, 20, 0]
2-2774-0;27;2;<attribute 'month' of 'datetime.date' objects>;0;9000;12181.55;1.3535055555555555;[1236, 1001, 1091, 0];[49, 1, 28, 0]
2-9879-0;27;2;<attribute 'month' of 'datetime.date' objects>;0;9000;4108.0599999999995;0.45645111111111103;[1050, 1070, 1034, 0];[11, 21, 7, 0]
2-11553-1;27;2;<attribute 'month' of 'datetime.date' objects>;1;12000;14474.039999999999;1.20617;[1089, 1088, 1035, 0];[27, 26, 8, 0]
2-12841-0;27;2;<attribute 'month' of 'datetime.date' objects>;0;9000;11864.06;1.318228888888889;[1126, 1041, 1151, 0];[32, 9, 34, 0]
2-29931-1;27;2;<attribute 'month' of 'datetime.date' objects>;1;12000;10532.27;0.8776891666666667;[1056, 1179, 1063, 1372, 1062, 1213, 0];[13, 40, 16, 56, 15, 47, 0]
3-3213-2;27;3;<attribute 'month' of 'datetime.date' objects>;2;24000;19729.4;0.8220583333333334;[1115, 1015, 1016, 0];[30, 2, 3, 0]
3-9554-0;27;3;<attribute 'month' of 'datetime.date' objects>;0;9000;3025.71;0.33619;[1176, 1031, 1210, 0];[38, 6, 46, 0]
3-20798-1;27;3;<attribute 'month' of 'datetime.date' objects>;1;12000;5291.28;0.44094;[1065, 1204, 1174, 0];[18, 45, 37, 0]
3-23602-0;27;3;<attribute 'month' of 'datetime.date' objects>;0;9000;5193.82;0.5770911111111111;[1084, 1076, 1273, 0];[25, 23, 51, 0]
3-24290-2;27;3;<attribute 'month' of 'datetime.date' objects>;2;24000;3605.55;0.15023125;[1082, 1190, 1123, 0];[24, 43, 31, 0]
4-46-0;27;4;<attribute 'month' of 'datetime.date' objects>;0;9000;2794.48;0.31049777777777776;[1213, 0];[47, 0]
4-14083-1;27;4;<attribute 'month' of 'datetime.date' objects>;1;12000;5973.969999999999;0.4978308333333333;[1231, 1187, 1045, 0];[48, 42, 10, 0]
4-17050-0;27;4;<attribute 'month' of 'datetime.date' objects>;0;9000;6387.31;0.7097011111111111;[1179, 1062, 1061, 0];[40, 15, 14, 0]
0-195-2;28;0;<attribute 'month' of 'datetime.date' objects>;2;24000;14923.07;0.6217945833333334;[1016, 1133, 0];[3, 33, 0]
0-6643-0;28;0;<attribute 'month' of 'datetime.date' objects>;0;9000;12322.25;1.369138888888889;[1165, 1084, 1020, 0];[36, 25, 4, 0]
0-8321-0;28;0;<attribute 'month' of 'datetime.date' objects>;0;9000;2525.31;0.28059;[1236, 1030, 1177, 0];[49, 5, 39, 0]
0-9130-0;28;0;<attribute 'month' of 'datetime.date' objects>;0;9000;1520.57;0.16895222222222223;[1176, 1031, 1074, 0];[38, 6, 22, 0]
0-10472-0;28;0;<attribute 'month' of 'datetime.date' objects>;0;9000;1978.28;0.2198088888888889;[1255, 1034, 1089, 0];[50, 7, 27, 0]
0-11620-0;28;0;<attribute 'month' of 'datetime.date' objects>;0;9000;7686.51;0.8540566666666667;[1035, 1164, 1091, 0];[8, 35, 28, 0]
0-16029-0;28;0;<attribute 'month' of 'datetime.date' objects>;0;9000;4942.95;0.5492166666666667;[1193, 1053, 1313, 0];[44, 12, 52, 0]
0-17924-0;28;0;<attribute 'month' of 'datetime.date' objects>;0;9000;3973.24;0.4414711111111111;[1063, 1062, 1115, 0];[16, 15, 30, 0]
0-19985-0;28;0;<attribute 'month' of 'datetime.date' objects>;0;9000;10546.0;1.1717777777777778;[1497, 1064, 1123, 0];[57, 17, 31, 0]
0-21028-1;28;0;<attribute 'month' of 'datetime.date' objects>;1;12000;5514.87;0.4595725;[1068, 1067, 1371, 0];[20, 19, 55, 0]
0-26710-1;28;0;<attribute 'month' of 'datetime.date' objects>;1;12000;23611.2;1.9676;[1102, 1315, 1350, 0];[29, 53, 54, 0]
1-14062-1;28;1;<attribute 'month' of 'datetime.date' objects>;1;12000;1992.9;0.166075;[1187, 1045, 1186, 0];[42, 10, 41, 0]
1-17175-2;28;1;<attribute 'month' of 'datetime.date' objects>;2;24000;8755.6;0.3648166666666667;[1065, 1204, 1061, 0];[18, 45, 14, 0]
2-910-1;28;2;<attribute 'month' of 'datetime.date' objects>;1;12000;7273.5;0.606125;[1067, 1068, 0];[19, 20, 0]
2-2774-0;28;2;<attribute 'month' of 'datetime.date' objects>;0;9000;5256.9400000000005;0.5841044444444445;[1236, 1001, 1091, 0];[49, 1, 28, 0]
2-9879-0;28;2;<attribute 'month' of 'datetime.date' objects>;0;9000;4359.26;0.48436222222222225;[1050, 1070, 1034, 0];[11, 21, 7, 0]
2-11553-1;28;2;<attribute 'month' of 'datetime.date' objects>;1;12000;1546.54;0.12887833333333332;[1089, 1088, 1035, 0];[27, 26, 8, 0]
2-12841-0;28;2;<attribute 'month' of 'datetime.date' objects>;0;9000;4851.59;0.5390655555555556;[1126, 1041, 1151, 0];[32, 9, 34, 0]
2-29931-1;28;2;<attribute 'month' of 'datetime.date' objects>;1;12000;6864.049999999999;0.5720041666666666;[1056, 1179, 1063, 1372, 1062, 1213, 0];[13, 40, 16, 56, 15, 47, 0]
3-3213-2;28;3;<attribute 'month' of 'datetime.date' objects>;2;24000;0.0;0.0;[1115, 1015, 1016, 0];[30, 2, 3, 0]
3-9554-0;28;3;<attribute 'month' of 'datetime.date' objects>;0;9000;7758.759999999999;0.8620844444444443;[1176, 1031, 1210, 0];[38, 6, 46, 0]
3-20798-1;28;3;<attribute 'month' of 'datetime.date' objects>;1;12000;6140.0;0.5116666666666667;[1065, 1204, 1174, 0];[18, 45, 37, 0]
3-23602-0;28;3;<attribute 'month' of 'datetime.date' objects>;0;9000;3522.94;0.3914377777777778;[1084, 1076, 1273, 0];[25, 23, 51, 0]
3-24290-2;28;3;<attribute 'month' of 'datetime.date' objects>;2;24000;12069.6;0.5029;[1082, 1190, 1123, 0];[24, 43, 31, 0]
4-46-0;28;4;<attribute 'month' of 'datetime.date' objects>;0;9000;922.0;0.10244444444444445;[1213, 0];[47, 0]
4-14083-1;28;4;<attribute 'month' of 'datetime.date' objects>;1;12000;3747.72;0.31231;[1231, 1187, 1045, 0];[48, 42, 10, 0]
4-17050-0;28;4;<attribute 'month' of 'datetime.date' objects>;0;9000;589.87;0.0655411111111111;[1179, 1062, 1061, 0];[40, 15, 14, 0]
0-195-2;29;0;<attribute 'month' of 'datetime.date' objects>;2;24000;33413.18;1.3922158333333334;[1016, 1133, 0];[3, 33, 0]
0-6643-0;29;0;<attribute 'month' of 'datetime.date' objects>;0;9000;3434.83;0.38164777777777775;[1165, 1084, 1020, 0];[36, 25, 4, 0]
0-8321-0;29;0;<attribute 'month' of 'datetime.date' objects>;0;9000;7406.38;0.8229311111111112;[1236, 1030, 1177, 0];[49, 5, 39, 0]
0-9130-0;29;0;<attribute 'month' of 'datetime.date' objects>;0;9000;930.11;0.10334555555555555;[1176, 1031, 1074, 0];[38, 6, 22, 0]
0-10472-0;29;0;<attribute 'month' of 'datetime.date' objects>;0;9000;3290.08;0.3655644444444444;[1255, 1034, 1089, 0];[50, 7, 27, 0]
0-11620-0;29;0;<attribute 'month' of 'datetime.date' objects>;0;9000;4982.8;0.5536444444444445;[1035, 1164, 1091, 0];[8, 35, 28, 0]
0-16029-0;29;0;<attribute 'month' of 'datetime.date' objects>;0;9000;6446.58;0.7162866666666666;[1193, 1053, 1313, 0];[44, 12, 52, 0]
0-17924-0;29;0;<attribute 'month' of 'datetime.date' objects>;0;9000;4523.46;0.5026066666666666;[1063, 1062, 1115, 0];[16, 15, 30, 0]
0-19985-0;29;0;<attribute 'month' of 'datetime.date' objects>;0;9000;3758.1200000000003;0.41756888888888893;[1497, 1064, 1123, 0];[57, 17, 31, 0]
0-21028-1;29;0;<attribute 'month' of 'datetime.date' objects>;1;12000;4197.51;0.3497925;[1068, 1067, 1371, 0];[20, 19, 55, 0]
0-26710-1;29;0;<attribute 'month' of 'datetime.date' objects>;1;12000;19211.129999999997;1.6009274999999998;[1102, 1315, 1350, 0];[29, 53, 54, 0]
1-14062-1;29;1;<attribute 'month' of 'datetime.date' objects>;1;12000;3348.05;0.27900416666666666;[1187, 1045, 1186, 0];[42, 10, 41, 0]
1-17175-2;29;1;<attribute 'month' of 'datetime.date' objects>;2;24000;13909.0;0.5795416666666666;[1065, 1204, 1061, 0];[18, 45, 14, 0]
2-910-1;29;2;<attribute 'month' of 'datetime.date' objects>;1;12000;9642.59;0.8035491666666666;[1067, 1068, 0];[19, 20, 0]
2-2774-0;29;2;<attribute 'month' of 'datetime.date' objects>;0;9000;2064.14;0.22934888888888888;[1236, 1001, 1091, 0];[49, 1, 28, 0]
2-9879-0;29;2;<attribute 'month' of 'datetime.date' objects>;0;9000;8647.25;0.9608055555555556;[1050, 1070, 1034, 0];[11, 21, 7, 0]
2-11553-1;29;2;<attribute 'month' of 'datetime.date' objects>;1;12000;3336.08;0.2780066666666667;[1089, 1088, 1035, 0];[27, 26, 8, 0]
2-12841-0;29;2;<attribute 'month' of 'datetime.date' objects>;0;9000;5589.5;0.6210555555555556;[1126, 1041, 1151, 0];[32, 9, 34, 0]
2-29931-1;29;2;<attribute 'month' of 'datetime.date' objects>;1;12000;3365.24;0.28043666666666667;[1056, 1179, 1063, 1372, 1062, 1213, 0];[13, 40, 16, 56, 15, 47, 0]
3-3213-2;29;3;<attribute 'month' of 'datetime.date' objects>;2;24000;2500.32;0.10418000000000001;[1115, 1015, 1016, 0];[30, 2, 3, 0]
3-9554-0;29;3;<attribute 'month' of 'datetime.date' objects>;0;9000;2098.5;0.23316666666666666;[1176, 1031, 1210, 0];[38, 6, 46, 0]
3-20798-1;29;3;<attribute 'month' of 'datetime.date' objects>;1;12000;7103.0;0.5919166666666666;[1065, 1204, 1174, 0];[18, 45, 37, 0]
3-23602-0;29;3;<attribute 'month' of 'datetime.date' objects>;0;9000;5919.1900000000005;0.6576877777777779;[1084, 1076, 1273, 0];[25, 23, 51, 0]
3-24290-2;29;3;<attribute 'month' of 'datetime.date' objects>;2;24000;4067.3599999999997;0.1694733333333333;[1082, 1190, 1123, 0];[24, 43, 31, 0]
4-46-0;29;4;<attribute 'month' of 'datetime.date' objects>;0;9000;0.0;0.0;[1213, 0];[47, 0]
4-14083-1;29;4;<attribute 'month' of 'datetime.date' objects>;1;12000;4168.0;0.3473333333333333;[1231, 1187, 1045, 0];[48, 42, 10, 0]
4-17050-0;29;4;<attribute 'month' of 'datetime.date' objects>;0;9000;3169.98;0.35222;[1179, 1062, 1061, 0];[40, 15, 14, 0]
0-195-2;30;0;<attribute 'month' of 'datetime.date' objects>;2;24000;21404.260000000002;0.8918441666666668;[1016, 1133, 0];[3, 33, 0]
0-6643-0;30;0;<attribute 'month' of 'datetime.date' objects>;0;9000;10826.0;1.202888888888889;[1165, 1084, 1020, 0];[36, 25, 4, 0]
0-8321-0;30;0;<attribute 'month' of 'datetime.date' objects>;0;9000;2620.75;0.2911944444444444;[1236, 1030, 1177, 0];[49, 5, 39, 0]
0-9130-0;30;0;<attribute 'month' of 'datetime.date' objects>;0;9000;882.0;0.098;[1176, 1031, 1074, 0];[38, 6, 22, 0]
0-10472-0;30;0;<attribute 'month' of 'datetime.date' objects>;0;9000;6146.360000000001;0.6829288888888889;[1255, 1034, 1089, 0];[50, 7, 27, 0]
0-11620-0;30;0;<attribute 'month' of 'datetime.date' objects>;0;9000;3321.93;0.36910333333333334;[1035, 1164, 1091, 0];[8, 35, 28, 0]
0-16029-0;30;0;<attribute 'month' of 'datetime.date' objects>;0;9000;7947.06;0.8830066666666667;[1193, 1053, 1313, 0];[44, 12, 52, 0]
0-17924-0;30;0;<attribute 'month' of 'datetime.date' objects>;0;9000;1145.5;0.12727777777777777;[1063, 1062, 1115, 0];[16, 15, 30, 0]
0-19985-0;30;0;<attribute 'month' of 'datetime.date' objects>;0;9000;4309.32;0.4788133333333333;[1497, 1064, 1123, 0];[57, 17, 31, 0]
0-21028-1;30;0;<attribute 'month' of 'datetime.date' objects>;1;12000;6298.88;0.5249066666666666;[1068, 1067, 1371, 0];[20, 19, 55, 0]
0-26710-1;30;0;<attribute 'month' of 'datetime.date' objects>;1;12000;17335.0;1.4445833333333333;[1102, 1315, 1350, 0];[29, 53, 54, 0]
1-14062-1;30;1;<attribute 'month' of 'datetime.date' objects>;1;12000;7923.5;0.6602916666666667;[1187, 1045, 1186, 0];[42, 10, 41, 0]
1-17175-2;30;1;<attribute 'month' of 'datetime.date' objects>;2;24000;2596.0;0.10816666666666666;[1065, 1204, 1061, 0];[18, 45, 14, 0]
2-910-1;30;2;<attribute 'month' of 'datetime.date' objects>;1;12000;3433.04;0.28608666666666666;[1067, 1068, 0];[19, 20, 0]
2-2774-0;30;2;<attribute 'month' of 'datetime.date' objects>;0;9000;3670.0;0.4077777777777778;[1236, 1001, 1091, 0];[49, 1, 28, 0]
2-9879-0;30;2;<attribute 'month' of 'datetime.date' objects>;0;9000;5816.93;0.6463255555555556;[1050, 1070, 1034, 0];[11, 21, 7, 0]
2-11553-1;30;2;<attribute 'month' of 'datetime.date' objects>;1;12000;13532.75;1.1277291666666667;[1089, 1088, 1035, 0];[27, 26, 8, 0]
2-12841-0;30;2;<attribute 'month' of 'datetime.date' objects>;0;9000;10280.71;1.142301111111111;[1126, 1041, 1151, 0];[32, 9, 34, 0]
2-29931-1;30;2;<attribute 'month' of 'datetime.date' objects>;1;12000;11285.939999999999;0.9404949999999999;[1056, 1179, 1063, 1372, 1062, 1213, 0];[13, 40, 16, 56, 15, 47, 0]
3-3213-2;30;3;<attribute 'month' of 'datetime.date' objects>;2;24000;8576.78;0.3573658333333334;[1115, 1015, 1016, 0];[30, 2, 3, 0]
3-9554-0;30;3;<attribute 'month' of 'datetime.date' objects>;0;9000;117.04;0.013004444444444445;[1176, 1031, 1210, 0];[38, 6, 46, 0]
3-20798-1;30;3;<attribute 'month' of 'datetime.date' objects>;1;12000;1620.0;0.135;[1065, 1204, 1174, 0];[18, 45, 37, 0]
3-23602-0;30;3;<attribute 'month' of 'datetime.date' objects>;0;9000;5897.2699999999995;0.6552522222222221;[1084, 1076, 1273, 0];[25, 23, 51, 0]
3-24290-2;30;3;<attribute 'month' of 'datetime.date' objects>;2;24000;4162.5;0.1734375;[1082, 1190, 1123, 0];[24, 43, 31, 0]
4-46-0;30;4;<attribute 'month' of 'datetime.date' objects>;0;9000;295.0;0.03277777777777778;[1213, 0];[47, 0]
4-14083-1;30;4;<attribute 'month' of 'datetime.date' objects>;1;12000;3003.29;0.2502741666666667;[1231, 1187, 1045, 0];[48, 42, 10, 0]
4-17050-0;30;4;<attribute 'month' of 'datetime.date' objects>;0;9000;2073.06;0.23034;[1179, 1062, 1061, 0];[40, 15, 14, 0]
0-195-2;31;0;<attribute 'month' of 'datetime.date' objects>;2;24000;3408.12;0.142005;[1016, 1133, 0];[3, 33, 0]
0-6643-0;31;0;<attribute 'month' of 'datetime.date' objects>;0;9000;11564.04;1.2848933333333334;[1165, 1084, 1020, 0];[36, 25, 4, 0]
0-8321-0;31;0;<attribute 'month' of 'datetime.date' objects>;0;9000;4228.62;0.46984666666666663;[1236, 1030, 1177, 0];[49, 5, 39, 0]
0-9130-0;31;0;<attribute 'month' of 'datetime.date' objects>;0;9000;12535.05;1.3927833333333333;[1176, 1031, 1074, 0];[38, 6, 22, 0]
0-10472-0;31;0;<attribute 'month' of 'datetime.date' objects>;0;9000;2317.56;0.25750666666666666;[1255, 1034, 1089, 0];[50, 7, 27, 0]
0-11620-0;31;0;<attribute 'month' of 'datetime.date' objects>;0;9000;1507.25;0.16747222222222222;[1035, 1164, 1091, 0];[8, 35, 28, 0]
0-16029-0;31;0;<attribute 'month' of 'datetime.date' objects>;0;9000;3859.15;0.4287944444444445;[1193, 1053, 1313, 0];[44, 12, 52, 0]
0-17924-0;31;0;<attribute 'month' of 'datetime.date' objects>;0;9000;3439.46;0.38216222222222224;[1063, 1062, 1115, 0];[16, 15, 30, 0]
0-19985-0;31;0;<attribute 'month' of 'datetime.date' objects>;0;9000;1836.74;0.20408222222222222;[1497, 1064, 1123, 0];[57, 17, 31, 0]
0-21028-1;31;0;<attribute 'month' of 'datetime.date' objects>;1;12000;3146.04;0.26217;[1068, 1067, 1371, 0];[20, 19, 55, 0]
0-26710-1;31;0;<attribute 'month' of 'datetime.date' objects>;1;12000;2653.0;0.22108333333333333;[1102, 1315, 1350, 0];[29, 53, 54, 0]
1-14062-1;31;1;<attribute 'month' of 'datetime.date' objects>;1;12000;1926.06;0.160505;[1187, 1045, 1186, 0];[42, 10, 41, 0]
1-17175-2;31;1;<attribute 'month' of 'datetime.date' objects>;2;24000;15967.58;0.6653158333333333;[1065, 1204, 1061, 0];[18, 45, 14, 0]
2-910-1;31;2;<attribute 'month' of 'datetime.date' objects>;1;12000;1228.42;0.10236833333333334;[1067, 1068, 0];[19, 20, 0]
2-2774-0;31;2;<attribute 'month' of 'datetime.date' objects>;0;9000;8389.0;0.9321111111111111;[1236, 1001, 1091, 0];[49, 1, 28, 0]
2-9879-0;31;2;<attribute 'month' of 'datetime.date' objects>;0;9000;13771.02;1.5301133333333334;[1050, 1070, 1034, 0];[11, 21, 7, 0]
2-11553-1;31;2;<attribute 'month' of 'datetime.date' objects>;1;12000;3100.84;0.2584033333333333;[1089, 1088, 1035, 0];[27, 26, 8, 0]
2-12841-0;31;2;<attribute 'month' of 'datetime.date' objects>;0;9000;5369.93;0.596658888888889;[1126, 1041, 1151, 0];[32, 9, 34, 0]
2-29931-1;31;2;<attribute 'month' of 'datetime.date' objects>;1;12000;4873.38;0.406115;[1056, 1179, 1063, 1372, 1062, 1213, 0];[13, 40, 16, 56, 15, 47, 0]
3-3213-2;31;3;<attribute 'month' of 'datetime.date' objects>;2;24000;15289.58;0.6370658333333333;[1115, 1015, 1016, 0];[30, 2, 3, 0]
3-9554-0;31;3;<attribute 'month' of 'datetime.date' objects>;0;9000;5642.17;0.6269077777777777;[1176, 1031, 1210, 0];[38, 6, 46, 0]
3-20798-1;31;3;<attribute 'month' of 'datetime.date' objects>;1;12000;13151.0;1.0959166666666667;[1065, 1204, 1174, 0];[18, 45, 37, 0]
3-23602-0;31;3;<attribute 'month' of 'datetime.date' objects>;0;9000;6896.33;0.7662588888888889;[1084, 1076, 1273, 0];[25, 23, 51, 0]
3-24290-2;31;3;<attribute 'month' of 'datetime.date' objects>;2;24000;4758.5;0.19827083333333334;[1082, 1190, 1123, 0];[24, 43, 31, 0]
4-46-0;31;4;<attribute 'month' of 'datetime.date' objects>;0;9000;6534.96;0.7261066666666667;[1213, 0];[47, 0]
4-14083-1;31;4;<attribute 'month' of 'datetime.date' objects>;1;12000;2505.57;0.20879750000000002;[1231, 1187, 1045, 0];[48, 42, 10, 0]
4-17050-0;31;4;<attribute 'month' of 'datetime.date' objects>;0;9000;603.77;0.06708555555555555;[1179, 1062, 1061, 0];[40, 15, 14, 0]
0-195-2;32;0;<attribute 'month' of 'datetime.date' objects>;2;24000;1761.8;0.07340833333333333;[1016, 1133, 0];[3, 33, 0]
0-6643-0;32;0;<attribute 'month' of 'datetime.date' objects>;0;9000;4853.27;0.5392522222222222;[1165, 1084, 1020, 0];[36, 25, 4, 0]
0-8321-0;32;0;<attribute 'month' of 'datetime.date' objects>;0;9000;177.0;0.019666666666666666;[1236, 1030, 1177, 0];[49, 5, 39, 0]
0-9130-0;32;0;<attribute 'month' of 'datetime.date' objects>;0;9000;8634.710000000001;0.9594122222222223;[1176, 1031, 1074, 0];[38, 6, 22, 0]
0-10472-0;32;0;<attribute 'month' of 'datetime.date' objects>;0;9000;1944.8600000000001;0.21609555555555557;[1255, 1034, 1089, 0];[50, 7, 27, 0]
0-11620-0;32;0;<attribute 'month' of 'datetime.date' objects>;0;9000;1586.5;0.17627777777777778;[1035, 1164, 1091, 0];[8, 35, 28, 0]
0-16029-0;32;0;<attribute 'month' of 'datetime.date' objects>;0;9000;3943.2;0.4381333333333333;[1193, 1053, 1313, 0];[44, 12, 52, 0]
0-17924-0;32;0;<attribute 'month' of 'datetime.date' objects>;0;9000;2670.2;0.2966888888888889;[1063, 1062, 1115, 0];[16, 15, 30, 0]
0-19985-0;32;0;<attribute 'month' of 'datetime.date' objects>;0;9000;759.5;0.08438888888888889;[1497, 1064, 1123, 0];[57, 17, 31, 0]
0-21028-1;32;0;<attribute 'month' of 'datetime.date' objects>;1;12000;9032.6;0.7527166666666667;[1068, 1067, 1371, 0];[20, 19, 55, 0]
0-26710-1;32;0;<attribute 'month' of 'datetime.date' objects>;1;12000;11704.0;0.9753333333333334;[1102, 1315, 1350, 0];[29, 53, 54, 0]
1-14062-1;32;1;<attribute 'month' of 'datetime.date' objects>;1;12000;3885.24;0.32377;[1187, 1045, 1186, 0];[42, 10, 41, 0]
1-17175-2;32;1;<attribute 'month' of 'datetime.date' objects>;2;24000;4810.0;0.20041666666666666;[1065, 1204, 1061, 0];[18, 45, 14, 0]
2-910-1;32;2;<attribute 'month' of 'datetime.date' objects>;1;12000;6492.96;0.54108;[1067, 1068, 0];[19, 20, 0]
2-2774-0;32;2;<attribute 'month' of 'datetime.date' objects>;0;9000;10886.130000000001;1.20957;[1236, 1001, 1091, 0];[49, 1, 28, 0]
2-9879-0;32;2;<attribute 'month' of 'datetime.date' objects>;0;9000;1254.01;0.13933444444444446;[1050, 1070, 1034, 0];[11, 21, 7, 0]
2-11553-1;32;2;<attribute 'month' of 'datetime.date' objects>;1;12000;443.87;0.03698916666666667;[1089, 1088, 1035, 0];[27, 26, 8, 0]
2-12841-0;32;2;<attribute 'month' of 'datetime.date' objects>;0;9000;10284.83;1.1427588888888889;[1126, 1041, 1151, 0];[32, 9, 34, 0]
2-29931-1;32;2;<attribute 'month' of 'datetime.date' objects>;1;12000;3187.5;0.265625;[1056, 1179, 1063, 1372, 1062, 1213, 0];[13, 40, 16, 56, 15, 47, 0]
3-3213-2;32;3;<attribute 'month' of 'datetime.date' objects>;2;24000;3934.02;0.1639175;[1115, 1015, 1016, 0];[30, 2, 3, 0]
3-9554-0;32;3;<attribute 'month' of 'datetime.date' objects>;0;9000;1409.3600000000001;0.15659555555555557;[1176, 1031, 1210, 0];[38, 6, 46, 0]
3-20798-1;32;3;<attribute 'month' of 'datetime.date' objects>;1;12000;1485.0;0.12375;[1065, 1204, 1174, 0];[18, 45, 37, 0]
3-23602-0;32;3;<attribute 'month' of 'datetime.date' objects>;0;9000;3889.97;0.4322188888888889;[1084, 1076, 1273, 0];[25, 23, 51, 0]
3-24290-2;32;3;<attribute 'month' of 'datetime.date' objects>;2;24000;6085.33;0.25355541666666664;[1082, 1190, 1123, 0];[24, 43, 31, 0]
4-46-0;32;4;<attribute 'month' of 'datetime.date' objects>;0;9000;0.0;0.0;[1213, 0];[47, 0]
4-14083-1;32;4;<attribute 'month' of 'datetime.date' objects>;1;12000;7411.76;0.6176466666666667;[1231, 1187, 1045, 0];[48, 42, 10, 0]
4-17050-0;32;4;<attribute 'month' of 'datetime.date' objects>;0;9000;10501.87;1.1668744444444445;[1179, 1062, 1061, 0];[40, 15, 14, 0]
0-195-2;33;0;<attribute 'month' of 'datetime.date' objects>;2;24000;2938.53;0.12243875000000001;[1016, 1133, 0];[3, 33, 0]
0-6643-0;33;0;<attribute 'month' of 'datetime.date' objects>;0;9000;11157.9;1.2397666666666667;[1165, 1084, 1020, 0];[36, 25, 4, 0]
0-8321-0;33;0;<attribute 'month' of 'datetime.date' objects>;0;9000;3323.3;0.36925555555555556;[1236, 1030, 1177, 0];[49, 5, 39, 0]
0-9130-0;33;0;<attribute 'month' of 'datetime.date' objects>;0;9000;1438.46;0.15982888888888888;[1176, 1031, 1074, 0];[38, 6, 22, 0]
0-10472-0;33;0;<attribute 'month' of 'datetime.date' objects>;0;9000;410.0;0.04555555555555556;[1255, 1034, 1089, 0];[50, 7, 27, 0]
0-11620-0;33;0;<attribute 'month' of 'datetime.date' objects>;0;9000;331.5;0.036833333333333336;[1035, 1164, 1091, 0];[8, 35, 28, 0]
0-16029-0;33;0;<attribute 'month' of 'datetime.date' objects>;0;9000;4026.6;0.44739999999999996;[1193, 1053, 1313, 0];[44, 12, 52, 0]
0-17924-0;33;0;<attribute 'month' of 'datetime.date' objects>;0;9000;1062.82;0.1180911111111111;[1063, 1062, 1115, 0];[16, 15, 30, 0]
0-19985-0;33;0;<attribute 'month' of 'datetime.date' objects>;0;9000;938.84;0.10431555555555556;[1497, 1064, 1123, 0];[57, 17, 31, 0]
0-21028-1;33;0;<attribute 'month' of 'datetime.date' objects>;1;12000;4537.5;0.378125;[1068, 1067, 1371, 0];[20, 19, 55, 0]
0-26710-1;33;0;<attribute 'month' of 'datetime.date' objects>;1;12000;21180.370000000003;1.7650308333333335;[1102, 1315, 1350, 0];[29, 53, 54, 0]
1-14062-1;33;1;<attribute 'month' of 'datetime.date' objects>;1;12000;9322.98;0.7769149999999999;[1187, 1045, 1186, 0];[42, 10, 41, 0]
1-17175-2;33;1;<attribute 'month' of 'datetime.date' objects>;2;24000;9083.6;0.37848333333333334;[1065, 1204, 1061, 0];[18, 45, 14, 0]
2-910-1;33;2;<attribute 'month' of 'datetime.date' objects>;1;12000;10465.3;0.8721083333333333;[1067, 1068, 0];[19, 20, 0]
2-2774-0;33;2;<attribute 'month' of 'datetime.date' objects>;0;9000;4503.0;0.5003333333333333;[1236, 1001, 1091, 0];[49, 1, 28, 0]
2-9879-0;33;2;<attribute 'month' of 'datetime.date' objects>;0;9000;3813.26;0.4236955555555556;[1050, 1070, 1034, 0];[11, 21, 7, 0]
2-11553-1;33;2;<attribute 'month' of 'datetime.date' objects>;1;12000;7780.26;0.648355;[1089, 1088, 1035, 0];[27, 26, 8, 0]
2-12841-0;33;2;<attribute 'month' of 'datetime.date' objects>;0;9000;224.0;0.024888888888888887;[1126, 1041, 1151, 0];[32, 9, 34, 0]
2-29931-1;33;2;<attribute 'month' of 'datetime.date' objects>;1;12000;5243.39;0.43694916666666667;[1056, 1179, 1063, 1372, 1062, 1213, 0];[13, 40, 16, 56, 15, 47, 0]
3-3213-2;33;3;<attribute 'month' of 'datetime.date' objects>;2;24000;974.53;0.040605416666666665;[1115, 1015, 1016, 0];[30, 2, 3, 0]
3-9554-0;33;3;<attribute 'month' of 'datetime.date' objects>;0;9000;7461.17;0.8290188888888889;[1176, 1031, 1210, 0];[38, 6, 46, 0]
3-20798-1;33;3;<attribute 'month' of 'datetime.date' objects>;1;12000;0.0;0.0;[1065, 1204, 1174, 0];[18, 45, 37, 0]
3-23602-0;33;3;<attribute 'month' of 'datetime.date' objects>;0;9000;4238.67;0.47096333333333334;[1084, 1076, 1273, 0];[25, 23, 51, 0]
3-24290-2;33;3;<attribute 'month' of 'datetime.date' objects>;2;24000;5964.96;0.24854;[1082, 1190, 1123, 0];[24, 43, 31, 0]
4-46-0;33;4;<attribute 'month' of 'datetime.date' objects>;0;9000;0.0;0.0;[1213, 0];[47, 0]
4-14083-1;33;4;<attribute 'month' of 'datetime.date' objects>;1;12000;298.0;0.024833333333333332;[1231, 1187, 1045, 0];[48, 42, 10, 0]
4-17050-0;33;4;<attribute 'month' of 'datetime.date' objects>;0;9000;11458.14;1.2731266666666665;[1179, 1062, 1061, 0];[40, 15, 14, 0]
0-195-2;34;0;<attribute 'month' of 'datetime.date' objects>;2;24000;13660.5;0.5691875;[1016, 1133, 0];[3, 33, 0]
0-6643-0;34;0;<attribute 'month' of 'datetime.date' objects>;0;9000;1993.06;0.2214511111111111;[1165, 1084, 1020, 0];[36, 25, 4, 0]
0-8321-0;34;0;<attribute 'month' of 'datetime.date' objects>;0;9000;1490.6399999999999;0.16562666666666664;[1236, 1030, 1177, 0];[49, 5, 39, 0]
0-9130-0;34;0;<attribute 'month' of 'datetime.date' objects>;0;9000;10582.43;1.1758255555555557;[1176, 1031, 1074, 0];[38, 6, 22, 0]
0-10472-0;34;0;<attribute 'month' of 'datetime.date' objects>;0;9000;3676.57;0.4085077777777778;[1255, 1034, 1089, 0];[50, 7, 27, 0]
0-11620-0;34;0;<attribute 'month' of 'datetime.date' objects>;0;9000;3603.5;0.4003888888888889;[1035, 1164, 1091, 0];[8, 35, 28, 0]
0-16029-0;34;0;<attribute 'month' of 'datetime.date' objects>;0;9000;9309.0;1.0343333333333333;[1193, 1053, 1313, 0];[44, 12, 52, 0]
0-17924-0;34;0;<attribute 'month' of 'datetime.date' objects>;0;9000;1389.4099999999999;0.15437888888888887;[1063, 1062, 1115, 0];[16, 15, 30, 0]
0-19985-0;34;0;<attribute 'month' of 'datetime.date' objects>;0;9000;3677.9399999999996;0.40865999999999997;[1497, 1064, 1123, 0];[57, 17, 31, 0]
0-21028-1;34;0;<attribute 'month' of 'datetime.date' objects>;1;12000;9733.02;0.8110850000000001;[1068, 1067, 1371, 0];[20, 19, 55, 0]
0-26710-1;34;0;<attribute 'month' of 'datetime.date' objects>;1;12000;5190.5;0.43254166666666666;[1102, 1315, 1350, 0];[29, 53, 54, 0]
1-14062-1;34;1;<attribute 'month' of 'datetime.date' objects>;1;12000;7400.59;0.6167158333333334;[1187, 1045, 1186, 0];[42, 10, 41, 0]
1-17175-2;34;1;<attribute 'month' of 'datetime.date' objects>;2;24000;11024.0;0.4593333333333333;[1065, 1204, 1061, 0];[18, 45, 14, 0]
2-910-1;34;2;<attribute 'month' of 'datetime.date' objects>;1;12000;5116.06;0.4263383333333334;[1067, 1068, 0];[19, 20, 0]
2-2774-0;34;2;<attribute 'month' of 'datetime.date' objects>;0;9000;1739.24;0.1932488888888889;[1236, 1001, 1091, 0];[49, 1, 28, 0]
2-9879-0;34;2;<attribute 'month' of 'datetime.date' objects>;0;9000;5571.75;0.6190833333333333;[1050, 1070, 1034, 0];[11, 21, 7, 0]
2-11553-1;34;2;<attribute 'month' of 'datetime.date' objects>;1;12000;9428.15;0.7856791666666666;[1089, 1088, 1035, 0];[27, 26, 8, 0]
2-12841-0;34;2;<attribute 'month' of 'datetime.date' objects>;0;9000;8124.0;0.9026666666666666;[1126, 1041, 1151, 0];[32, 9, 34, 0]
2-29931-1;34;2;<attribute 'month' of 'datetime.date' objects>;1;12000;171.67000000000002;0.014305833333333335;[1056, 1179, 1063, 1372, 1062, 1213, 0];[13, 40, 16, 56, 15, 47, 0]
3-3213-2;34;3;<attribute 'month' of 'datetime.date' objects>;2;24000;8695.68;0.36232000000000003;[1115, 1015, 1016, 0];[30, 2, 3, 0]
3-9554-0;34;3;<attribute 'month' of 'datetime.date' objects>;0;9000;55.63;0.006181111111111111;[1176, 1031, 1210, 0];[38, 6, 46, 0]
3-20798-1;34;3;<attribute 'month' of 'datetime.date' objects>;1;12000;5590.5;0.465875;[1065, 1204, 1174, 0];[18, 45, 37, 0]
3-23602-0;34;3;<attribute 'month' of 'datetime.date' objects>;0;9000;0.0;0.0;[1084, 1076, 1273, 0];[25, 23, 51, 0]
3-24290-2;34;3;<attribute 'month' of 'datetime.date' objects>;2;24000;17895.41;0.7456420833333334;[1082, 1190, 1123, 0];[24, 43, 31, 0]
4-46-0;34;4;<attribute 'month' of 'datetime.date' objects>;0;9000;2909.7200000000003;0.32330222222222227;[1213, 0];[47, 0]
4-14083-1;34;4;<attribute 'month' of 'datetime.date' objects>;1;12000;1734.0;0.1445;[1231, 1187, 1045, 0];[48, 42, 10, 0]
4-17050-0;34;4;<attribute 'month' of 'datetime.date' objects>;0;9000;3529.88;0.3922088888888889;[1179, 1062, 1061, 0];[40, 15, 14, 0]
0-195-2;35;0;<attribute 'month' of 'datetime.date' objects>;2;24000;24130.03;1.0054179166666666;[1016, 1133, 0];[3, 33, 0]
0-6643-0;35;0;<attribute 'month' of 'datetime.date' objects>;0;9000;2729.75;0.30330555555555555;[1165, 1084, 1020, 0];[36, 25, 4, 0]
0-8321-0;35;0;<attribute 'month' of 'datetime.date' objects>;0;9000;3593.82;0.39931333333333335;[1236, 1030, 1177, 0];[49, 5, 39, 0]
0-9130-0;35;0;<attribute 'month' of 'datetime.date' objects>;0;9000;417.52;0.04639111111111111;[1176, 1031, 1074, 0];[38, 6, 22, 0]
0-10472-0;35;0;<attribute 'month' of 'datetime.date' objects>;0;9000;11583.08;1.2870088888888889;[1255, 1034, 1089, 0];[50, 7, 27, 0]
0-11620-0;35;0;<attribute 'month' of 'datetime.date' objects>;0;9000;2723.0;0.3025555555555556;[1035, 1164, 1091, 0];[8, 35, 28, 0]
0-16029-0;35;0;<attribute 'month' of 'datetime.date' objects>;0;9000;2616.0;0.2906666666666667;[1193, 1053, 1313, 0];[44, 12, 52, 0]
0-17924-0;35;0;<attribute 'month' of 'datetime.date' objects>;0;9000;5652.049999999999;0.6280055555555555;[1063, 1062, 1115, 0];[16, 15, 30, 0]
0-19985-0;35;0;<attribute 'month' of 'datetime.date' objects>;0;9000;2442.0;0.2713333333333333;[1497, 1064, 1123, 0];[57, 17, 31, 0]
0-21028-1;35;0;<attribute 'month' of 'datetime.date' objects>;1;12000;1403.5900000000001;0.11696583333333335;[1068, 1067, 1371, 0];[20, 19, 55, 0]
0-26710-1;35;0;<attribute 'month' of 'datetime.date' objects>;1;12000;4723.6;0.3936333333333334;[1102, 1315, 1350, 0];[29, 53, 54, 0]
1-14062-1;35;1;<attribute 'month' of 'datetime.date' objects>;1;12000;1640.84;0.13673666666666667;[1187, 1045, 1186, 0];[42, 10, 41, 0]
1-17175-2;35;1;<attribute 'month' of 'datetime.date' objects>;2;24000;6658.66;0.27744416666666666;[1065, 1204, 1061, 0];[18, 45, 14, 0]
2-910-1;35;2;<attribute 'month' of 'datetime.date' objects>;1;12000;10886.59;0.9072158333333333;[1067, 1068, 0];[19, 20, 0]
2-2774-0;35;2;<attribute 'month' of 'datetime.date' objects>;0;9000;5186.889999999999;0.5763211111111111;[1236, 1001, 1091, 0];[49, 1, 28, 0]
2-9879-0;35;2;<attribute 'month' of 'datetime.date' objects>;0;9000;14824.13;1.6471255555555555;[1050, 1070, 1034, 0];[11, 21, 7, 0]
2-11553-1;35;2;<attribute 'month' of 'datetime.date' objects>;1;12000;10070.13;0.8391774999999999;[1089, 1088, 1035, 0];[27, 26, 8, 0]
2-12841-0;35;2;<attribute 'month' of 'datetime.date' objects>;0;9000;7457.0;0.8285555555555556;[1126, 1041, 1151, 0];[32, 9, 34, 0]
2-29931-1;35;2;<attribute 'month' of 'datetime.date' objects>;1;12000;2527.98;0.210665;[1056, 1179, 1063, 1372, 1062, 1213, 0];[13, 40, 16, 56, 15, 47, 0]
3-3213-2;35;3;<attribute 'month' of 'datetime.date' objects>;2;24000;17200.65;0.71669375;[1115, 1015, 1016, 0];[30, 2, 3, 0]
3-9554-0;35;3;<attribute 'month' of 'datetime.date' objects>;0;9000;3343.15;0.37146111111111113;[1176, 1031, 1210, 0];[38, 6, 46, 0]
3-20798-1;35;3;<attribute 'month' of 'datetime.date' objects>;1;12000;5953.0;0.4960833333333333;[1065, 1204, 1174, 0];[18, 45, 37, 0]
3-23602-0;35;3;<attribute 'month' of 'datetime.date' objects>;0;9000;2549.0;0.2832222222222222;[1084, 1076, 1273, 0];[25, 23, 51, 0]
3-24290-2;35;3;<attribute 'month' of 'datetime.date' objects>;2;24000;3296.35;0.13734791666666665;[1082, 1190, 1123, 0];[24, 43, 31, 0]
4-46-0;35;4;<attribute 'month' of 'datetime.date' objects>;0;9000;2794.48;0.31049777777777776;[1213, 0];[47, 0]
4-14083-1;35;4;<attribute 'month' of 'datetime.date' objects>;1;12000;8916.91;0.7430758333333333;[1231, 1187, 1045, 0];[48, 42, 10, 0]
4-17050-0;35;4;<attribute 'month' of 'datetime.date' objects>;0;9000;1245.2;0.13835555555555556;[1179, 1062, 1061, 0];[40, 15, 14, 0]
0-195-2;36;0;<attribute 'month' of 'datetime.date' objects>;2;24000;11032.91;0.4597045833333333;[1016, 1133, 0];[3, 33, 0]
0-6643-0;36;0;<attribute 'month' of 'datetime.date' objects>;0;9000;7116.36;0.7907066666666667;[1165, 1084, 1020, 0];[36, 25, 4, 0]
0-8321-0;36;0;<attribute 'month' of 'datetime.date' objects>;0;9000;4332.530000000001;0.4813922222222223;[1236, 1030, 1177, 0];[49, 5, 39, 0]
0-9130-0;36;0;<attribute 'month' of 'datetime.date' objects>;0;9000;6249.48;0.6943866666666666;[1176, 1031, 1074, 0];[38, 6, 22, 0]
0-10472-0;36;0;<attribute 'month' of 'datetime.date' objects>;0;9000;2628.99;0.29211;[1255, 1034, 1089, 0];[50, 7, 27, 0]
0-11620-0;36;0;<attribute 'month' of 'datetime.date' objects>;0;9000;6179.17;0.6865744444444445;[1035, 1164, 1091, 0];[8, 35, 28, 0]
0-16029-0;36;0;<attribute 'month' of 'datetime.date' objects>;0;9000;8295.68;0.9217422222222222;[1193, 1053, 1313, 0];[44, 12, 52, 0]
0-17924-0;36;0;<attribute 'month' of 'datetime.date' objects>;0;9000;5718.49;0.6353877777777778;[1063, 1062, 1115, 0];[16, 15, 30, 0]
0-19985-0;36;0;<attribute 'month' of 'datetime.date' objects>;0;9000;1438.2;0.1598;[1497, 1064, 1123, 0];[57, 17, 31, 0]
0-21028-1;36;0;<attribute 'month' of 'datetime.date' objects>;1;12000;10572.21;0.8810174999999999;[1068, 1067, 1371, 0];[20, 19, 55, 0]
0-26710-1;36;0;<attribute 'month' of 'datetime.date' objects>;1;12000;10203.1;0.8502583333333333;[1102, 1315, 1350, 0];[29, 53, 54, 0]
1-14062-1;36;1;<attribute 'month' of 'datetime.date' objects>;1;12000;14125.06;1.1770883333333333;[1187, 1045, 1186, 0];[42, 10, 41, 0]
1-17175-2;36;1;<attribute 'month' of 'datetime.date' objects>;2;24000;8611.01;0.35879208333333334;[1065, 1204, 1061, 0];[18, 45, 14, 0]
2-910-1;36;2;<attribute 'month' of 'datetime.date' objects>;1;12000;5385.92;0.44882666666666665;[1067, 1068, 0];[19, 20, 0]
2-2774-0;36;2;<attribute 'month' of 'datetime.date' objects>;0;9000;515.37;0.05726333333333333;[1236, 1001, 1091, 0];[49, 1, 28, 0]
2-9879-0;36;2;<attribute 'month' of 'datetime.date' objects>;0;9000;7766.07;0.8628966666666666;[1050, 1070, 1034, 0];[11, 21, 7, 0]
2-11553-1;36;2;<attribute 'month' of 'datetime.date' objects>;1;12000;5512.3099999999995;0.45935916666666665;[1089, 1088, 1035, 0];[27, 26, 8, 0]
2-12841-0;36;2;<attribute 'month' of 'datetime.date' objects>;0;9000;5062.5;0.5625;[1126, 1041, 1151, 0];[32, 9, 34, 0]
2-29931-1;36;2;<attribute 'month' of 'datetime.date' objects>;1;12000;5496.78;0.458065;[1056, 1179, 1063, 1372, 1062, 1213, 0];[13, 40, 16, 56, 15, 47, 0]
3-3213-2;36;3;<attribute 'month' of 'datetime.date' objects>;2;24000;12380.84;0.5158683333333334;[1115, 1015, 1016, 0];[30, 2, 3, 0]
3-9554-0;36;3;<attribute 'month' of 'datetime.date' objects>;0;9000;2930.3199999999997;0.32559111111111105;[1176, 1031, 1210, 0];[38, 6, 46, 0]
3-20798-1;36;3;<attribute 'month' of 'datetime.date' objects>;1;12000;5661.0;0.47175;[1065, 1204, 1174, 0];[18, 45, 37, 0]
3-23602-0;36;3;<attribute 'month' of 'datetime.date' objects>;0;9000;2475.0;0.275;[1084, 1076, 1273, 0];[25, 23, 51, 0]
3-24290-2;36;3;<attribute 'month' of 'datetime.date' objects>;2;24000;8158.14;0.3399225;[1082, 1190, 1123, 0];[24, 43, 31, 0]
4-46-0;36;4;<attribute 'month' of 'datetime.date' objects>;0;9000;0.0;0.0;[1213, 0];[47, 0]
4-14083-1;36;4;<attribute 'month' of 'datetime.date' objects>;1;12000;8976.77;0.7480641666666668;[1231, 1187, 1045, 0];[48, 42, 10, 0]
4-17050-0;36;4;<attribute 'month' of 'datetime.date' objects>;0;9000;4093.8599999999997;0.4548733333333333;[1179, 1062, 1061, 0];[40, 15, 14, 0]
0-195-2;37;0;<attribute 'month' of 'datetime.date' objects>;2;24000;12391.74;0.5163225;[1016, 1133, 0];[3, 33, 0]
0-6643-0;37;0;<attribute 'month' of 'datetime.date' objects>;0;9000;7257.6;0.8064;[1165, 1084, 1020, 0];[36, 25, 4, 0]
0-8321-0;37;0;<attribute 'month' of 'datetime.date' objects>;0;9000;10585.75;1.1761944444444445;[1236, 1030, 1177, 0];[49, 5, 39, 0]
0-9130-0;37;0;<attribute 'month' of 'datetime.date' objects>;0;9000;6014.580000000001;0.6682866666666668;[1176, 1031, 1074, 0];[38, 6, 22, 0]
0-10472-0;37;0;<attribute 'month' of 'datetime.date' objects>;0;9000;842.24;0.09358222222222222;[1255, 1034, 1089, 0];[50, 7, 27, 0]
0-11620-0;37;0;<attribute 'month' of 'datetime.date' objects>;0;9000;322.0;0.035777777777777776;[1035, 1164, 1091, 0];[8, 35, 28, 0]
0-16029-0;37;0;<attribute 'month' of 'datetime.date' objects>;0;9000;15192.39;1.6880433333333333;[1193, 1053, 1313, 0];[44, 12, 52, 0]
0-17924-0;37;0;<attribute 'month' of 'datetime.date' objects>;0;9000;4168.36;0.46315111111111107;[1063, 1062, 1115, 0];[16, 15, 30, 0]
0-19985-0;37;0;<attribute 'month' of 'datetime.date' objects>;0;9000;10888.43;1.2098255555555555;[1497, 1064, 1123, 0];[57, 17, 31, 0]
0-21028-1;37;0;<attribute 'month' of 'datetime.date' objects>;1;12000;8942.130000000001;0.7451775;[1068, 1067, 1371, 0];[20, 19, 55, 0]
0-26710-1;37;0;<attribute 'month' of 'datetime.date' objects>;1;12000;14217.460000000001;1.1847883333333333;[1102, 1315, 1350, 0];[29, 53, 54, 0]
1-14062-1;37;1;<attribute 'month' of 'datetime.date' objects>;1;12000;2515.2900000000004;0.20960750000000003;[1187, 1045, 1186, 0];[42, 10, 41, 0]
1-17175-2;37;1;<attribute 'month' of 'datetime.date' objects>;2;24000;8254.0;0.34391666666666665;[1065, 1204, 1061, 0];[18, 45, 14, 0]
2-910-1;37;2;<attribute 'month' of 'datetime.date' objects>;1;12000;4179.9;0.348325;[1067, 1068, 0];[19, 20, 0]
2-2774-0;37;2;<attribute 'month' of 'datetime.date' objects>;0;9000;346.0;0.03844444444444445;[1236, 1001, 1091, 0];[49, 1, 28, 0]
2-9879-0;37;2;<attribute 'month' of 'datetime.date' objects>;0;9000;944.05;0.10489444444444444;[1050, 1070, 1034, 0];[11, 21, 7, 0]
2-11553-1;37;2;<attribute 'month' of 'datetime.date' objects>;1;12000;5167.33;0.43061083333333333;[1089, 1088, 1035, 0];[27, 26, 8, 0]
2-12841-0;37;2;<attribute 'month' of 'datetime.date' objects>;0;9000;8703.36;0.96704;[1126, 1041, 1151, 0];[32, 9, 34, 0]
2-29931-1;37;2;<attribute 'month' of 'datetime.date' objects>;1;12000;5449.4;0.4541166666666666;[1056, 1179, 1063, 1372, 1062, 1213, 0];[13, 40, 16, 56, 15, 47, 0]
3-3213-2;37;3;<attribute 'month' of 'datetime.date' objects>;2;24000;11382.23;0.4742595833333333;[1115, 1015, 1016, 0];[30, 2, 3, 0]
3-9554-0;37;3;<attribute 'month' of 'datetime.date' objects>;0;9000;9838.16;1.0931288888888888;[1176, 1031, 1210, 0];[38, 6, 46, 0]
3-20798-1;37;3;<attribute 'month' of 'datetime.date' objects>;1;12000;10104.0;0.842;[1065, 1204, 1174, 0];[18, 45, 37, 0]
3-23602-0;37;3;<attribute 'month' of 'datetime.date' objects>;0;9000;4265.76;0.47397333333333336;[1084, 1076, 1273, 0];[25, 23, 51, 0]
3-24290-2;37;3;<attribute 'month' of 'datetime.date' objects>;2;24000;38693.81;1.6122420833333333;[1082, 1190, 1123, 0];[24, 43, 31, 0]
4-46-0;37;4;<attribute 'month' of 'datetime.date' objects>;0;9000;0.0;0.0;[1213, 0];[47, 0]
4-14083-1;37;4;<attribute 'month' of 'datetime.date' objects>;1;12000;8621.590000000002;0.7184658333333335;[1231, 1187, 1045, 0];[48, 42, 10, 0]
4-17050-0;37;4;<attribute 'month' of 'datetime.date' objects>;0;9000;330.0;0.03666666666666667;[1179, 1062, 1061, 0];[40, 15, 14, 0]
0-195-2;38;0;<attribute 'month' of 'datetime.date' objects>;2;24000;8573.97;0.35724874999999995;[1016, 1133, 0];[3, 33, 0]
0-6643-0;38;0;<attribute 'month' of 'datetime.date' objects>;0;9000;2172.87;0.24142999999999998;[1165, 1084, 1020, 0];[36, 25, 4, 0]
0-8321-0;38;0;<attribute 'month' of 'datetime.date' objects>;0;9000;7147.04;0.7941155555555556;[1236, 1030, 1177, 0];[49, 5, 39, 0]
0-9130-0;38;0;<attribute 'month' of 'datetime.date' objects>;0;9000;5136.24;0.5706933333333333;[1176, 1031, 1074, 0];[38, 6, 22, 0]
0-10472-0;38;0;<attribute 'month' of 'datetime.date' objects>;0;9000;3225.8199999999997;0.35842444444444443;[1255, 1034, 1089, 0];[50, 7, 27, 0]
0-11620-0;38;0;<attribute 'month' of 'datetime.date' objects>;0;9000;3177.7;0.35307777777777777;[1035, 1164, 1091, 0];[8, 35, 28, 0]
0-16029-0;38;0;<attribute 'month' of 'datetime.date' objects>;0;9000;2616.73;0.29074777777777777;[1193, 1053, 1313, 0];[44, 12, 52, 0]
0-17924-0;38;0;<attribute 'month' of 'datetime.date' objects>;0;9000;3477.59;0.3863988888888889;[1063, 1062, 1115, 0];[16, 15, 30, 0]
0-19985-0;38;0;<attribute 'month' of 'datetime.date' objects>;0;9000;9048.0;1.0053333333333334;[1497, 1064, 1123, 0];[57, 17, 31, 0]
0-21028-1;38;0;<attribute 'month' of 'datetime.date' objects>;1;12000;5950.25;0.49585416666666665;[1068, 1067, 1371, 0];[20, 19, 55, 0]
0-26710-1;38;0;<attribute 'month' of 'datetime.date' objects>;1;12000;9574.43;0.7978691666666667;[1102, 1315, 1350, 0];[29, 53, 54, 0]
1-14062-1;38;1;<attribute 'month' of 'datetime.date' objects>;1;12000;5153.82;0.42948499999999995;[1187, 1045, 1186, 0];[42, 10, 41, 0]
1-17175-2;38;1;<attribute 'month' of 'datetime.date' objects>;2;24000;21199.129999999997;0.8832970833333332;[1065, 1204, 1061, 0];[18, 45, 14, 0]
2-910-1;38;2;<attribute 'month' of 'datetime.date' objects>;1;12000;694.17;0.057847499999999996;[1067, 1068, 0];[19, 20, 0]
2-2774-0;38;2;<attribute 'month' of 'datetime.date' objects>;0;9000;3978.75;0.44208333333333333;[1236, 1001, 1091, 0];[49, 1, 28, 0]
2-9879-0;38;2;<attribute 'month' of 'datetime.date' objects>;0;9000;6392.98;0.710331111111111;[1050, 1070, 1034, 0];[11, 21, 7, 0]
2-11553-1;38;2;<attribute 'month' of 'datetime.date' objects>;1;12000;1586.0;0.13216666666666665;[1089, 1088, 1035, 0];[27, 26, 8, 0]
2-12841-0;38;2;<attribute 'month' of 'datetime.date' objects>;0;9000;7358.2;0.8175777777777777;[1126, 1041, 1151, 0];[32, 9, 34, 0]
2-29931-1;38;2;<attribute 'month' of 'datetime.date' objects>;1;12000;3378.75;0.2815625;[1056, 1179, 1063, 1372, 1062, 1213, 0];[13, 40, 16, 56, 15, 47, 0]
3-3213-2;38;3;<attribute 'month' of 'datetime.date' objects>;2;24000;22726.4;0.9469333333333334;[1115, 1015, 1016, 0];[30, 2, 3, 0]
3-9554-0;38;3;<attribute 'month' of 'datetime.date' objects>;0;9000;1723.71;0.19152333333333335;[1176, 1031, 1210, 0];[38, 6, 46, 0]
3-20798-1;38;3;<attribute 'month' of 'datetime.date' objects>;1;12000;11236.5;0.936375;[1065, 1204, 1174, 0];[18, 45, 37, 0]
3-23602-0;38;3;<attribute 'month' of 'datetime.date' objects>;0;9000;1599.1399999999999;0.1776822222222222;[1084, 1076, 1273, 0];[25, 23, 51, 0]
3-24290-2;38;3;<attribute 'month' of 'datetime.date' objects>;2;24000;6074.08;0.2530866666666667;[1082, 1190, 1123, 0];[24, 43, 31, 0]
4-46-0;38;4;<attribute 'month' of 'datetime.date' objects>;0;9000;5336.29;0.5929211111111111;[1213, 0];[47, 0]
4-14083-1;38;4;<attribute 'month' of 'datetime.date' objects>;1;12000;2706.38;0.22553166666666669;[1231, 1187, 1045, 0];[48, 42, 10, 0]
4-17050-0;38;4;<attribute 'month' of 'datetime.date' objects>;0;9000;4901.42;0.5446022222222222;[1179, 1062, 1061, 0];[40, 15, 14, 0]
0-195-2;39;0;<attribute 'month' of 'datetime.date' objects>;2;24000;3051.63;0.12715125;[1016, 1133, 0];[3, 33, 0]
0-6643-0;39;0;<attribute 'month' of 'datetime.date' objects>;0;9000;1044.73;0.11608111111111111;[1165, 1084, 1020, 0];[36, 25, 4, 0]
0-8321-0;39;0;<attribute 'month' of 'datetime.date' objects>;0;9000;8308.47;0.9231633333333332;[1236, 1030, 1177, 0];[49, 5, 39, 0]
0-9130-0;39;0;<attribute 'month' of 'datetime.date' objects>;0;9000;5365.59;0.5961766666666667;[1176, 1031, 1074, 0];[38, 6, 22, 0]
0-10472-0;39;0;<attribute 'month' of 'datetime.date' objects>;0;9000;11248.949999999999;1.2498833333333332;[1255, 1034, 1089, 0];[50, 7, 27, 0]
0-11620-0;39;0;<attribute 'month' of 'datetime.date' objects>;0;9000;5336.76;0.5929733333333334;[1035, 1164, 1091, 0];[8, 35, 28, 0]
0-16029-0;39;0;<attribute 'month' of 'datetime.date' objects>;0;9000;4754.21;0.5282455555555555;[1193, 1053, 1313, 0];[44, 12, 52, 0]
0-17924-0;39;0;<attribute 'month' of 'datetime.date' objects>;0;9000;4434.6900000000005;0.49274333333333337;[1063, 1062, 1115, 0];[16, 15, 30, 0]
0-19985-0;39;0;<attribute 'month' of 'datetime.date' objects>;0;9000;3278.89;0.3643211111111111;[1497, 1064, 1123, 0];[57, 17, 31, 0]
0-21028-1;39;0;<attribute 'month' of 'datetime.date' objects>;1;12000;4277.21;0.35643416666666666;[1068, 1067, 1371, 0];[20, 19, 55, 0]
0-26710-1;39;0;<attribute 'month' of 'datetime.date' objects>;1;12000;24181.5;2.015125;[1102, 1315, 1350, 0];[29, 53, 54, 0]
1-14062-1;39;1;<attribute 'month' of 'datetime.date' objects>;1;12000;272.13;0.0226775;[1187, 1045, 1186, 0];[42, 10, 41, 0]
1-17175-2;39;1;<attribute 'month' of 'datetime.date' objects>;2;24000;10496.7;0.43736250000000004;[1065, 1204, 1061, 0];[18, 45, 14, 0]
2-910-1;39;2;<attribute 'month' of 'datetime.date' objects>;1;12000;5697.83;0.4748191666666667;[1067, 1068, 0];[19, 20, 0]
2-2774-0;39;2;<attribute 'month' of 'datetime.date' objects>;0;9000;3532.0;0.39244444444444443;[1236, 1001, 1091, 0];[49, 1, 28, 0]
2-9879-0;39;2;<attribute 'month' of 'datetime.date' objects>;0;9000;1219.87;0.1355411111111111;[1050, 1070, 1034, 0];[11, 21, 7, 0]
2-11553-1;39;2;<attribute 'month' of 'datetime.date' objects>;1;12000;394.0;0.03283333333333333;[1089, 1088, 1035, 0];[27, 26, 8, 0]
2-12841-0;39;2;<attribute 'month' of 'datetime.date' objects>;0;9000;14274.76;1.5860844444444444;[1126, 1041, 1151, 0];[32, 9, 34, 0]
2-29931-1;39;2;<attribute 'month' of 'datetime.date' objects>;1;12000;6930.17;0.5775141666666667;[1056, 1179, 1063, 1372, 1062, 1213, 0];[13, 40, 16, 56, 15, 47, 0]
3-3213-2;39;3;<attribute 'month' of 'datetime.date' objects>;2;24000;8207.14;0.3419641666666666;[1115, 1015, 1016, 0];[30, 2, 3, 0]
3-9554-0;39;3;<attribute 'month' of 'datetime.date' objects>;0;9000;2354.0;0.26155555555555554;[1176, 1031, 1210, 0];[38, 6, 46, 0]
3-20798-1;39;3;<attribute 'month' of 'datetime.date' objects>;1;12000;5069.0;0.42241666666666666;[1065, 1204, 1174, 0];[18, 45, 37, 0]
3-23602-0;39;3;<attribute 'month' of 'datetime.date' objects>;0;9000;568.16;0.06312888888888889;[1084, 1076, 1273, 0];[25, 23, 51, 0]
3-24290-2;39;3;<attribute 'month' of 'datetime.date' objects>;2;24000;7957.24;0.33155166666666663;[1082, 1190, 1123, 0];[24, 43, 31, 0]
4-46-0;39;4;<attribute 'month' of 'datetime.date' objects>;0;9000;2794.48;0.31049777777777776;[1213, 0];[47, 0]
4-14083-1;39;4;<attribute 'month' of 'datetime.date' objects>;1;12000;1188.0;0.099;[1231, 1187, 1045, 0];[48, 42, 10, 0]
4-17050-0;39;4;<attribute 'month' of 'datetime.date' objects>;0;9000;6.5;0.0007222222222222222;[1179, 1062, 1061, 0];[40, 15, 14, 0]
0-195-2;40;0;<attribute 'month' of 'datetime.date' objects>;2;24000;4114.3;0.1714291666666667;[1016, 1133, 0];[3, 33, 0]
0-6643-0;40;0;<attribute 'month' of 'datetime.date' objects>;0;9000;13727.14;1.5252377777777777;[1165, 1084, 1020, 0];[36, 25, 4, 0]
0-8321-0;40;0;<attribute 'month' of 'datetime.date' objects>;0;9000;8260.73;0.9178588888888889;[1236, 1030, 1177, 0];[49, 5, 39, 0]
0-9130-0;40;0;<attribute 'month' of 'datetime.date' objects>;0;9000;5470.0;0.6077777777777778;[1176, 1031, 1074, 0];[38, 6, 22, 0]
0-10472-0;40;0;<attribute 'month' of 'datetime.date' objects>;0;9000;6667.79;0.7408655555555556;[1255, 1034, 1089, 0];[50, 7, 27, 0]
0-11620-0;40;0;<attribute 'month' of 'datetime.date' objects>;0;9000;324.38;0.03604222222222222;[1035, 1164, 1091, 0];[8, 35, 28, 0]
0-16029-0;40;0;<attribute 'month' of 'datetime.date' objects>;0;9000;5030.43;0.5589366666666667;[1193, 1053, 1313, 0];[44, 12, 52, 0]
0-17924-0;40;0;<attribute 'month' of 'datetime.date' objects>;0;9000;875.0;0.09722222222222222;[1063, 1062, 1115, 0];[16, 15, 30, 0]
0-19985-0;40;0;<attribute 'month' of 'datetime.date' objects>;0;9000;0.0;0.0;[1497, 1064, 1123, 0];[57, 17, 31, 0]
0-21028-1;40;0;<attribute 'month' of 'datetime.date' objects>;1;12000;2403.84;0.20032000000000003;[1068, 1067, 1371, 0];[20, 19, 55, 0]
0-26710-1;40;0;<attribute 'month' of 'datetime.date' objects>;1;12000;18995.79;1.5829825000000002;[1102, 1315, 1350, 0];[29, 53, 54, 0]
1-14062-1;40;1;<attribute 'month' of 'datetime.date' objects>;1;12000;5313.5;0.44279166666666664;[1187, 1045, 1186, 0];[42, 10, 41, 0]
1-17175-2;40;1;<attribute 'month' of 'datetime.date' objects>;2;24000;7145.5;0.29772916666666666;[1065, 1204, 1061, 0];[18, 45, 14, 0]
2-910-1;40;2;<attribute 'month' of 'datetime.date' objects>;1;12000;6447.97;0.5373308333333333;[1067, 1068, 0];[19, 20, 0]
2-2774-0;40;2;<attribute 'month' of 'datetime.date' objects>;0;9000;3010.38;0.33448666666666665;[1236, 1001, 1091, 0];[49, 1, 28, 0]
2-9879-0;40;2;<attribute 'month' of 'datetime.date' objects>;0;9000;7083.85;0.7870944444444444;[1050, 1070, 1034, 0];[11, 21, 7, 0]
2-11553-1;40;2;<attribute 'month' of 'datetime.date' objects>;1;12000;5256.879999999999;0.43807333333333326;[1089, 1088, 1035, 0];[27, 26, 8, 0]
2-12841-0;40;2;<attribute 'month' of 'datetime.date' objects>;0;9000;4974.09;0.5526766666666667;[1126, 1041, 1151, 0];[32, 9, 34, 0]
2-29931-1;40;2;<attribute 'month' of 'datetime.date' objects>;1;12000;3162.82;0.26356833333333335;[1056, 1179, 1063, 1372, 1062, 1213, 0];[13, 40, 16, 56, 15, 47, 0]
3-3213-2;40;3;<attribute 'month' of 'datetime.date' objects>;2;24000;6157.98;0.2565825;[1115, 1015, 1016, 0];[30, 2, 3, 0]
3-9554-0;40;3;<attribute 'month' of 'datetime.date' objects>;0;9000;14168.16;1.57424;[1176, 1031, 1210, 0];[38, 6, 46, 0]
3-20798-1;40;3;<attribute 'month' of 'datetime.date' objects>;1;12000;3065.0;0.2554166666666667;[1065, 1204, 1174, 0];[18, 45, 37, 0]
3-23602-0;40;3;<attribute 'month' of 'datetime.date' objects>;0;9000;3016.21;0.33513444444444446;[1084, 1076, 1273, 0];[25, 23, 51, 0]
3-24290-2;40;3;<attribute 'month' of 'datetime.date' objects>;2;24000;37405.16;1.5585483333333334;[1082, 1190, 1123, 0];[24, 43, 31, 0]
4-46-0;40;4;<attribute 'month' of 'datetime.date' objects>;0;9000;0.0;0.0;[1213, 0];[47, 0]
4-14083-1;40;4;<attribute 'month' of 'datetime.date' objects>;1;12000;4458.0;0.3715;[1231, 1187, 1045, 0];[48, 42, 10, 0]
4-17050-0;40;4;<attribute 'month' of 'datetime.date' objects>;0;9000;404.0;0.04488888888888889;[1179, 1062, 1061, 0];[40, 15, 14, 0]
0-195-2;41;0;<attribute 'month' of 'datetime.date' objects>;2;24000;1603.38;0.0668075;[1016, 1133, 0];[3, 33, 0]
0-6643-0;41;0;<attribute 'month' of 'datetime.date' objects>;0;9000;2708.75;0.3009722222222222;[1165, 1084, 1020, 0];[36, 25, 4, 0]
0-8321-0;41;0;<attribute 'month' of 'datetime.date' objects>;0;9000;895.0699999999999;0.09945222222222222;[1236, 1030, 1177, 0];[49, 5, 39, 0]
0-9130-0;41;0;<attribute 'month' of 'datetime.date' objects>;0;9000;4139.76;0.45997333333333335;[1176, 1031, 1074, 0];[38, 6, 22, 0]
0-10472-0;41;0;<attribute 'month' of 'datetime.date' objects>;0;9000;7536.36;0.8373733333333333;[1255, 1034, 1089, 0];[50, 7, 27, 0]
0-11620-0;41;0;<attribute 'month' of 'datetime.date' objects>;0;9000;6000.91;0.6667677777777777;[1035, 1164, 1091, 0];[8, 35, 28, 0]
0-16029-0;41;0;<attribute 'month' of 'datetime.date' objects>;0;9000;15674.029999999999;1.7415588888888887;[1193, 1053, 1313, 0];[44, 12, 52, 0]
0-17924-0;41;0;<attribute 'month' of 'datetime.date' objects>;0;9000;5836.740000000001;0.6485266666666667;[1063, 1062, 1115, 0];[16, 15, 30, 0]
0-19985-0;41;0;<attribute 'month' of 'datetime.date' objects>;0;9000;2054.24;0.22824888888888886;[1497, 1064, 1123, 0];[57, 17, 31, 0]
0-21028-1;41;0;<attribute 'month' of 'datetime.date' objects>;1;12000;3371.45;0.28095416666666667;[1068, 1067, 1371, 0];[20, 19, 55, 0]
0-26710-1;41;0;<attribute 'month' of 'datetime.date' objects>;1;12000;5974.4;0.4978666666666666;[1102, 1315, 1350, 0];[29, 53, 54, 0]
1-14062-1;41;1;<attribute 'month' of 'datetime.date' objects>;1;12000;5945.070000000001;0.49542250000000004;[1187, 1045, 1186, 0];[42, 10, 41, 0]
1-17175-2;41;1;<attribute 'month' of 'datetime.date' objects>;2;24000;6633.5;0.27639583333333334;[1065, 1204, 1061, 0];[18, 45, 14, 0]
2-910-1;41;2;<attribute 'month' of 'datetime.date' objects>;1;12000;2641.48;0.22012333333333334;[1067, 1068, 0];[19, 20, 0]
2-2774-0;41;2;<attribute 'month' of 'datetime.date' objects>;0;9000;1327.0;0.14744444444444443;[1236, 1001, 1091, 0];[49, 1, 28, 0]
2-9879-0;41;2;<attribute 'month' of 'datetime.date' objects>;0;9000;7206.219999999999;0.800691111111111;[1050, 1070, 1034, 0];[11, 21, 7, 0]
2-11553-1;41;2;<attribute 'month' of 'datetime.date' objects>;1;12000;8292.55;0.6910458333333332;[1089, 1088, 1035, 0];[27, 26, 8, 0]
2-12841-0;41;2;<attribute 'month' of 'datetime.date' objects>;0;9000;8687.05;0.9652277777777777;[1126, 1041, 1151, 0];[32, 9, 34, 0]
2-29931-1;41;2;<attribute 'month' of 'datetime.date' objects>;1;12000;1733.03;0.14441916666666665;[1056, 1179, 1063, 1372, 1062, 1213, 0];[13, 40, 16, 56, 15, 47, 0]
3-3213-2;41;3;<attribute 'month' of 'datetime.date' objects>;2;24000;32316.04;1.3465016666666667;[1115, 1015, 1016, 0];[30, 2, 3, 0]
3-9554-0;41;3;<attribute 'month' of 'datetime.date' objects>;0;9000;6033.0;0.6703333333333333;[1176, 1031, 1210, 0];[38, 6, 46, 0]
3-20798-1;41;3;<attribute 'month' of 'datetime.date' objects>;1;12000;6365.0;0.5304166666666666;[1065, 1204, 1174, 0];[18, 45, 37, 0]
3-23602-0;41;3;<attribute 'month' of 'datetime.date' objects>;0;9000;5221.59;0.5801766666666667;[1084, 1076, 1273, 0];[25, 23, 51, 0]
3-24290-2;41;3;<attribute 'month' of 'datetime.date' objects>;2;24000;15717.029999999999;0.6548762499999999;[1082, 1190, 1123, 0];[24, 43, 31, 0]
4-46-0;41;4;<attribute 'month' of 'datetime.date' objects>;0;9000;900.9;0.1001;[1213, 0];[47, 0]
4-14083-1;41;4;<attribute 'month' of 'datetime.date' objects>;1;12000;5878.0;0.48983333333333334;[1231, 1187, 1045, 0];[48, 42, 10, 0]
4-17050-0;41;4;<attribute 'month' of 'datetime.date' objects>;0;9000;106.0;0.011777777777777778;[1179, 1062, 1061, 0];[40, 15, 14, 0]
0-195-2;42;0;<attribute 'month' of 'datetime.date' objects>;2;24000;26179.589999999997;1.0908162499999998;[1016, 1133, 0];[3, 33, 0]
0-6643-0;42;0;<attribute 'month' of 'datetime.date' objects>;0;9000;10068.0;1.1186666666666667;[1165, 1084, 1020, 0];[36, 25, 4, 0]
0-8321-0;42;0;<attribute 'month' of 'datetime.date' objects>;0;9000;432.0;0.048;[1236, 1030, 1177, 0];[49, 5, 39, 0]
0-9130-0;42;0;<attribute 'month' of 'datetime.date' objects>;0;9000;13680.82;1.520091111111111;[1176, 1031, 1074, 0];[38, 6, 22, 0]
0-10472-0;42;0;<attribute 'month' of 'datetime.date' objects>;0;9000;853.2199999999999;0.09480222222222222;[1255, 1034, 1089, 0];[50, 7, 27, 0]
0-11620-0;42;0;<attribute 'month' of 'datetime.date' objects>;0;9000;2255.01;0.2505566666666667;[1035, 1164, 1091, 0];[8, 35, 28, 0]
0-16029-0;42;0;<attribute 'month' of 'datetime.date' objects>;0;9000;5027.8;0.5586444444444445;[1193, 1053, 1313, 0];[44, 12, 52, 0]
0-17924-0;42;0;<attribute 'month' of 'datetime.date' objects>;0;9000;7756.35;0.8618166666666667;[1063, 1062, 1115, 0];[16, 15, 30, 0]
0-19985-0;42;0;<attribute 'month' of 'datetime.date' objects>;0;9000;2999.75;0.3333055555555556;[1497, 1064, 1123, 0];[57, 17, 31, 0]
0-21028-1;42;0;<attribute 'month' of 'datetime.date' objects>;1;12000;8431.65;0.7026374999999999;[1068, 1067, 1371, 0];[20, 19, 55, 0]
0-26710-1;42;0;<attribute 'month' of 'datetime.date' objects>;1;12000;2671.2;0.2226;[1102, 1315, 1350, 0];[29, 53, 54, 0]
1-14062-1;42;1;<attribute 'month' of 'datetime.date' objects>;1;12000;89.0;0.007416666666666667;[1187, 1045, 1186, 0];[42, 10, 41, 0]
1-17175-2;42;1;<attribute 'month' of 'datetime.date' objects>;2;24000;1417.0;0.059041666666666666;[1065, 1204, 1061, 0];[18, 45, 14, 0]
2-910-1;42;2;<attribute 'month' of 'datetime.date' objects>;1;12000;3006.7;0.2505583333333333;[1067, 1068, 0];[19, 20, 0]
2-2774-0;42;2;<attribute 'month' of 'datetime.date' objects>;0;9000;250.0;0.027777777777777776;[1236, 1001, 1091, 0];[49, 1, 28, 0]
2-9879-0;42;2;<attribute 'month' of 'datetime.date' objects>;0;9000;6053.79;0.6726433333333334;[1050, 1070, 1034, 0];[11, 21, 7, 0]
2-11553-1;42;2;<attribute 'month' of 'datetime.date' objects>;1;12000;0.0;0.0;[1089, 1088, 1035, 0];[27, 26, 8, 0]
2-12841-0;42;2;<attribute 'month' of 'datetime.date' objects>;0;9000;1193.07;0.13256333333333334;[1126, 1041, 1151, 0];[32, 9, 34, 0]
2-29931-1;42;2;<attribute 'month' of 'datetime.date' objects>;1;12000;2563.9300000000003;0.21366083333333336;[1056, 1179, 1063, 1372, 1062, 1213, 0];[13, 40, 16, 56, 15, 47, 0]
3-3213-2;42;3;<attribute 'month' of 'datetime.date' objects>;2;24000;6838.59;0.28494125;[1115, 1015, 1016, 0];[30, 2, 3, 0]
3-9554-0;42;3;<attribute 'month' of 'datetime.date' objects>;0;9000;132.0;0.014666666666666666;[1176, 1031, 1210, 0];[38, 6, 46, 0]
3-20798-1;42;3;<attribute 'month' of 'datetime.date' objects>;1;12000;5313.0;0.44275;[1065, 1204, 1174, 0];[18, 45, 37, 0]
3-23602-0;42;3;<attribute 'month' of 'datetime.date' objects>;0;9000;3082.62;0.34251333333333334;[1084, 1076, 1273, 0];[25, 23, 51, 0]
3-24290-2;42;3;<attribute 'month' of 'datetime.date' objects>;2;24000;10267.87;0.4278279166666667;[1082, 1190, 1123, 0];[24, 43, 31, 0]
4-46-0;42;4;<attribute 'month' of 'datetime.date' objects>;0;9000;0.0;0.0;[1213, 0];[47, 0]
4-14083-1;42;4;<attribute 'month' of 'datetime.date' objects>;1;12000;6201.0599999999995;0.516755;[1231, 1187, 1045, 0];[48, 42, 10, 0]
4-17050-0;42;4;<attribute 'month' of 'datetime.date' objects>;0;9000;1467.0;0.163;[1179, 1062, 1061, 0];[40, 15, 14, 0]
0-195-2;43;0;<attribute 'month' of 'datetime.date' objects>;2;24000;7686.0;0.32025;[1016, 1133, 0];[3, 33, 0]
0-6643-0;43;0;<attribute 'month' of 'datetime.date' objects>;0;9000;1107.0;0.123;[1165, 1084, 1020, 0];[36, 25, 4, 0]
0-8321-0;43;0;<attribute 'month' of 'datetime.date' objects>;0;9000;5699.5;0.6332777777777778;[1236, 1030, 1177, 0];[49, 5, 39, 0]
0-9130-0;43;0;<attribute 'month' of 'datetime.date' objects>;0;9000;197.77;0.021974444444444446;[1176, 1031, 1074, 0];[38, 6, 22, 0]
0-10472-0;43;0;<attribute 'month' of 'datetime.date' objects>;0;9000;4738.5199999999995;0.5265022222222222;[1255, 1034, 1089, 0];[50, 7, 27, 0]
0-11620-0;43;0;<attribute 'month' of 'datetime.date' objects>;0;9000;5307.13;0.5896811111111111;[1035, 1164, 1091, 0];[8, 35, 28, 0]
0-16029-0;43;0;<attribute 'month' of 'datetime.date' objects>;0;9000;2134.95;0.23721666666666666;[1193, 1053, 1313, 0];[44, 12, 52, 0]
0-17924-0;43;0;<attribute 'month' of 'datetime.date' objects>;0;9000;2953.49;0.32816555555555554;[1063, 1062, 1115, 0];[16, 15, 30, 0]
0-19985-0;43;0;<attribute 'month' of 'datetime.date' objects>;0;9000;1080.0;0.12;[1497, 1064, 1123, 0];[57, 17, 31, 0]
0-21028-1;43;0;<attribute 'month' of 'datetime.date' objects>;1;12000;8149.75;0.6791458333333333;[1068, 1067, 1371, 0];[20, 19, 55, 0]
0-26710-1;43;0;<attribute 'month' of 'datetime.date' objects>;1;12000;5641.0;0.47008333333333335;[1102, 1315, 1350, 0];[29, 53, 54, 0]
1-14062-1;43;1;<attribute 'month' of 'datetime.date' objects>;1;12000;7576.93;0.6314108333333334;[1187, 1045, 1186, 0];[42, 10, 41, 0]
1-17175-2;43;1;<attribute 'month' of 'datetime.date' objects>;2;24000;7239.32;0.30163833333333334;[1065, 1204, 1061, 0];[18, 45, 14, 0]
2-910-1;43;2;<attribute 'month' of 'datetime.date' objects>;1;12000;5049.88;0.4208233333333333;[1067, 1068, 0];[19, 20, 0]
2-2774-0;43;2;<attribute 'month' of 'datetime.date' objects>;0;9000;6433.4400000000005;0.7148266666666667;[1236, 1001, 1091, 0];[49, 1, 28, 0]
2-9879-0;43;2;<attribute 'month' of 'datetime.date' objects>;0;9000;0.0;0.0;[1050, 1070, 1034, 0];[11, 21, 7, 0]
2-11553-1;43;2;<attribute 'month' of 'datetime.date' objects>;1;12000;2930.98;0.24424833333333335;[1089, 1088, 1035, 0];[27, 26, 8, 0]
2-12841-0;43;2;<attribute 'month' of 'datetime.date' objects>;0;9000;5768.12;0.6409022222222223;[1126, 1041, 1151, 0];[32, 9, 34, 0]
2-29931-1;43;2;<attribute 'month' of 'datetime.date' objects>;1;12000;3071.4700000000003;0.2559558333333333;[1056, 1179, 1063, 1372, 1062, 1213, 0];[13, 40, 16, 56, 15, 47, 0]
3-3213-2;43;3;<attribute 'month' of 'datetime.date' objects>;2;24000;9497.93;0.39574708333333336;[1115, 1015, 1016, 0];[30, 2, 3, 0]
3-9554-0;43;3;<attribute 'month' of 'datetime.date' objects>;0;9000;581.88;0.06465333333333333;[1176, 1031, 1210, 0];[38, 6, 46, 0]
3-20798-1;43;3;<attribute 'month' of 'datetime.date' objects>;1;12000;2666.0;0.22216666666666668;[1065, 1204, 1174, 0];[18, 45, 37, 0]
3-23602-0;43;3;<attribute 'month' of 'datetime.date' objects>;0;9000;0.0;0.0;[1084, 1076, 1273, 0];[25, 23, 51, 0]
3-24290-2;43;3;<attribute 'month' of 'datetime.date' objects>;2;24000;12572.51;0.5238545833333333;[1082, 1190, 1123, 0];[24, 43, 31, 0]
4-46-0;43;4;<attribute 'month' of 'datetime.date' objects>;0;9000;0.0;0.0;[1213, 0];[47, 0]
4-14083-1;43;4;<attribute 'month' of 'datetime.date' objects>;1;12000;8300.11;0.6916758333333334;[1231, 1187, 1045, 0];[48, 42, 10, 0]
4-17050-0;43;4;<attribute 'month' of 'datetime.date' objects>;0;9000;0.0;0.0;[1179, 1062, 1061, 0];[40, 15, 14, 0]
